id,x,y
1,189.915435172554,376.796210379963
1,186.774206394452,362.354261084667
1,202.664085187696,379.970609798965
1,197.447038964926,376.511401098905
1,199.740125536878,375.056034011749
1,169.3242332156,394.470376267715
1,196.773825711848,365.145140184891
1,216.478974681885,372.65998312861
1,208.668589854069,374.746856565346
1,197.236721251551,382.786347591398
1,188.198901667386,377.449166975712
1,192.069032195918,378.100813484056
1,219.199057514482,365.935442540166
1,186.113965357975,379.932843358094
1,190.457856835618,371.763940052373
1,182.824483508267,391.53910579056
1,228.027725577893,372.892085253742
1,189.381905387013,371.904052438102
1,157.098568323944,351.360605730533
1,206.381359115786,387.794101088331
1,181.949530192434,365.253502342135
1,189.355452316756,360.892006902392
1,201.764131212825,376.930149598464
1,179.170070407292,378.817478234287
1,211.390804229585,397.064303084822
1,179.385308898336,387.678383209681
1,184.492419531924,369.634129921048
1,170.591615457267,374.574055381942
1,191.311540628968,382.75362391669
1,185.599011629735,362.624765290784
1,206.372362427656,369.778697683352
1,198.487515531797,377.190008366415
1,215.518915495226,388.196821614285
1,185.743255326609,380.008078067273
1,202.081121141007,366.57436646101
1,168.577996889973,384.259364769417
1,194.001611393929,395.739036277618
1,210.280509606442,384.199246532825
1,199.614041467104,376.743675557842
1,174.123899662695,360.899979458146
1,184.210778299102,383.205484406606
1,196.437112190339,366.691029621811
1,187.818314312591,389.894568119855
1,168.933206820216,369.47865897215
1,194.375024382372,361.345803572529
1,198.603874701369,357.115796568636
1,210.356372550951,385.07786592609
1,208.263239149793,375.064098620509
1,182.556629796442,384.218940450029
1,210.472349321106,375.028341435696
1,186.109408412074,372.058168988353
1,211.961239087927,368.642173675392
1,189.538321905116,375.490969679651
1,168.233909327362,388.547465340356
1,210.608050969215,398.854241789226
1,188.406610950313,370.440869274846
1,156.388901563469,356.801195113432
1,197.303475301498,393.265082032673
1,184.531292211697,370.146919665565
1,201.4112115109,368.820303263279
1,184.530362164857,346.194050942653
1,172.934512763515,370.74906283329
1,195.673280152204,383.878354136617
1,193.544170606788,381.15967581231
1,201.192345562231,375.533582463662
1,171.103476114628,359.753750096297
1,201.034612009708,389.131460989896
1,190.529456080865,375.564330137213
1,213.759833283581,382.435067727824
1,177.869169918836,379.417101379715
1,186.190220369125,375.782755236266
1,167.517287079454,374.905424153829
1,186.410764421339,390.750033586089
1,191.127631054966,391.763175085955
1,198.82983093017,354.557210215987
1,178.220365547181,353.269710579077
1,182.217575406337,368.383161339293
1,185.453665329318,375.536551021035
1,183.793425103883,349.959961972343
1,193.082954845391,363.296005561842
1,203.964571883624,362.529255920231
1,177.800141129195,354.525841184066
1,188.029884739543,367.717473894609
1,193.045364260719,376.222126831956
1,189.251220263408,381.843548178064
1,227.618509605471,383.268162806769
1,211.40621138226,371.461919006074
1,160.499773103098,365.765309891047
1,161.852700067141,366.050453049627
1,211.55396835573,401.489026948864
1,180.916566414044,380.210088537083
1,195.15807317378,373.303236560909
1,194.789842730411,372.082045931247
1,193.390238415126,355.064828941819
1,188.010896578775,366.652076742095
1,180.362818300707,368.624190207482
1,198.264147659109,374.931252248104
1,158.180218659862,371.753231206162
1,214.918730209461,375.652108274406
1,192.690598888726,367.023471300811
2,180.934517527795,389.021777411882
2,164.497150141556,401.691514029632
2,154.870425653101,412.901523158588
2,161.922457531343,407.474151158185
2,148.45494752228,397.885630658312
2,170.064906883269,409.894727685876
2,168.868702020655,396.460575446496
2,162.085772101974,376.081512736554
2,154.207070026687,424.44204881832
2,195.711853867167,408.07293785543
2,176.425105500507,400.049543818467
2,187.458092307541,409.597481976763
2,163.778379370415,402.041000364878
2,172.759081525826,400.013661783271
2,165.665759933475,410.778346813267
2,179.820623022885,384.533048797452
2,185.03446748401,410.650535894292
2,181.029848327082,393.592635534619
2,196.646625091503,392.070148742525
2,149.218176546291,405.951057790635
2,150.694326473624,379.384814818866
2,170.926753951727,385.759942493771
2,190.409866620936,399.514589391763
2,159.859093494288,390.61890122649
2,163.154388071228,372.500191486993
2,171.180677199985,403.876688695475
2,168.647008168894,420.491746953075
2,189.06464346883,378.625451499077
2,141.050063225747,376.58730858473
2,189.481541180362,416.215686048843
2,179.377290859495,390.522302668936
2,158.946466471435,398.470522295213
2,163.979368475517,386.466509352308
2,178.678868982484,402.426524222692
2,142.589019676695,370.015893384782
2,183.787736592617,392.726032948323
2,174.724051430377,406.351894878756
2,152.442451092995,398.060335845298
2,172.095937595375,385.109827194804
2,155.619073869708,392.237486541634
2,171.771134478093,386.212680345441
2,168.103234789569,388.006587584746
2,161.72132484851,387.786423448883
2,163.516865026188,384.776464316806
2,160.248316147146,403.701676908051
2,179.042768823587,407.08074993885
2,155.966927782291,395.52542380729
2,160.322139505627,411.372616452238
2,152.989161335527,401.96435337482
2,157.378615680809,381.601750737829
2,168.919038962,402.679809423629
2,158.499306862018,390.14282157497
2,183.284797339006,383.012229054388
2,159.194317047892,401.591872097507
2,187.469905644239,415.67276516341
2,154.551589704786,382.362501885351
2,173.38973413208,403.703205698209
2,183.401119881344,407.567328069592
2,167.715920749593,404.987334080708
2,137.022461671617,382.046828454247
2,134.020056574266,394.781358872993
2,159.953514762751,403.616013545356
2,160.351383509091,401.770434400386
2,159.770719019243,382.866362406305
2,139.489400808828,390.705245369259
2,166.29975373146,385.361562826957
2,178.700066531988,418.866432615869
2,163.764938220525,375.505925490525
2,144.648979918299,408.918196768479
2,180.604623890682,382.827334415068
2,180.160038200326,375.250857291333
2,181.320722105625,389.784719666782
2,173.509199858399,389.131940911121
2,179.911346656219,383.168974871975
2,172.420065215241,403.432849764041
2,147.922192250949,399.286632765826
2,163.601384975105,385.135713078243
2,156.429377147931,378.476234142307
2,185.427391371654,385.962946279919
2,169.219311376821,396.282816845826
2,144.602285410724,400.542382691107
2,150.827432202062,364.668011609672
2,139.41973311605,391.110339722314
2,180.034350132908,410.304023508926
2,137.365058629961,382.806770144251
2,176.807179820318,384.321598074597
2,189.783604363781,385.022400730481
2,164.24854600477,416.90690903416
2,173.742394100618,397.936339261661
2,184.292297283623,421.0992572056
2,190.947366176587,397.140245906331
2,167.031442626822,400.463753499729
2,169.407132886436,399.817494472297
2,165.249446910079,395.282592318256
2,169.67596723825,399.872325703243
2,179.603418996238,385.379794798887
2,154.165264629444,397.930290301105
2,180.040240324633,404.497236030035
2,165.454442095955,395.549924039706
2,168.408592736708,395.447092012754
3,253.699711621744,304.502826131103
3,250.230827516413,318.632978990507
3,250.126249112574,302.19305669766
3,251.13384321703,309.158536462349
3,247.009954141261,313.511850845196
3,237.79328097133,323.461107090381
3,277.18827694306,302.177959202431
3,255.214437528771,303.963732425585
3,259.268758853525,316.502428220805
3,251.469708811138,314.965347550533
3,250.603765712471,294.345114405532
3,264.20221593067,299.269264897481
3,250.343698904428,330.40576197911
3,251.831317515454,315.641248749614
3,276.435520362715,330.62452525186
3,265.671691301637,315.40112126405
3,250.362567757161,302.518914860527
3,266.801147873666,309.380724849559
3,240.25598036709,330.838567024946
3,242.307784110841,316.734913811325
3,246.166810650288,300.884209087028
3,261.684006470778,305.537586778391
3,260.151300580672,328.039617880942
3,268.81848077182,298.0410336736
3,263.985639675445,311.306064231627
3,242.121985320861,298.12905170203
3,246.199067736943,299.868907308682
3,254.592734623947,300.049789076832
3,242.078966898121,320.368029772082
3,256.377580815986,285.226845963247
3,244.029600394259,309.680145076923
3,237.836352906552,299.159270734457
3,240.297646188726,307.558411415659
3,250.083014925973,318.883215007394
3,256.718756475894,312.519208312508
3,256.478414306329,291.653621054394
3,271.731613681747,303.262698796288
3,245.822119125391,298.490602278485
3,249.451894228162,330.044393185703
3,243.385849702659,334.643628878225
3,233.054063195378,297.423111930874
3,239.779623214965,321.714204288048
3,235.272017242715,291.079015233641
3,258.040870059867,316.869950755698
3,231.643704425702,296.466143726056
3,241.249467659666,309.174471102376
3,248.418147902974,302.868928798438
3,236.458223428962,322.431997058473
3,247.967531802341,314.526942548075
3,238.002228207693,317.744616870409
3,218.553908683158,309.16641268673
3,255.544199043666,312.82281114294
3,249.938774098846,298.303400381878
3,261.538984680723,327.072125182859
3,251.117424204281,305.187752471847
3,234.082105363422,302.935201516254
3,245.178575242912,299.959646042072
3,248.857409939368,323.654130220884
3,254.326192798395,313.9958205856
3,242.456241965628,308.523718951088
3,283.142980559847,301.351933236128
3,236.761138759025,293.598605793095
3,272.157839246509,311.908460865155
3,253.276600619764,304.068231146888
3,257.505457644512,300.793935805534
3,249.716783912111,301.978738368885
3,255.878893827139,300.749994518644
3,254.611934122647,300.790242934563
3,251.194855040411,300.197878931012
3,244.284888182765,321.127291696081
3,256.388248446818,334.564608889023
3,253.588821821642,307.409410723017
3,245.819575788228,308.929789975278
3,260.440676009533,303.060252196349
3,252.789650189051,295.463097220503
3,273.492321746711,294.453798228855
3,274.463300651426,307.753943707089
3,228.18163904937,315.247126523743
3,243.029539647052,311.857779771543
3,256.241982988823,285.886843774965
3,248.456006816612,306.667953667338
3,232.259017449344,292.921937815042
3,238.897165487174,282.112155489542
3,243.37233376876,307.43705081826
3,256.012592906631,302.296168515842
3,257.769484746347,311.056114539457
3,243.170582765514,328.685350893408
3,244.890920120101,311.670391812702
3,252.603101998993,308.132278199356
3,251.878269323605,357.408504137355
3,242.141700403174,319.123410129331
3,250.84680541196,290.003853481701
3,255.754399778401,310.343000804869
3,249.349171747273,330.308295547833
3,241.376025738493,305.056224216618
3,245.238318977269,306.791478654862
3,256.469386975215,301.37915513422
3,265.55763788227,335.594402514739
3,254.586289170663,319.488812038067
3,237.333243257331,329.527146407913
4,243.432384028163,318.651596891561
4,215.887210889515,322.255024346584
4,241.139068808334,335.616375317309
4,214.76932004774,343.557560007314
4,208.942628122801,334.138755872275
4,223.332625909946,313.190056256133
4,236.772311831212,331.786752669565
4,243.566457039178,329.078559865677
4,245.522772957797,305.404579961272
4,236.923141846158,322.148003369482
4,220.771447039167,328.176788649396
4,232.661620526287,321.486536604773
4,226.567293486499,313.43228503081
4,234.178538660167,317.112223092616
4,229.047111298824,341.624191594104
4,239.375752242228,338.072076058534
4,227.880156257894,309.97926784958
4,224.292284471948,324.641678878773
4,231.795792233124,306.176162777851
4,229.489597690349,297.55760659798
4,212.153210689607,343.269803957248
4,203.330730396144,308.672462864664
4,221.533394162514,339.016878040406
4,218.347888731016,317.822211278792
4,220.21189855045,340.149295656868
4,252.479602450825,335.377668610962
4,222.866929565776,336.438999895719
4,218.547393066202,343.218895326458
4,240.951740230313,322.571396338363
4,251.129081803249,352.496367393459
4,232.228112754902,325.532177682758
4,248.489277572872,331.01677362534
4,208.181736215404,334.058067336979
4,248.54733015005,334.754191941225
4,208.044023491741,324.261471545536
4,231.690863357096,309.849163055811
4,244.947852899334,325.887352648028
4,233.44915667882,316.336682667357
4,209.610502958094,309.873018824532
4,225.986981049119,317.870584048192
4,227.50181330386,310.300339391273
4,211.027824920657,337.949670964667
4,210.685561901762,325.125160541646
4,238.239912380278,333.934648140775
4,226.365030111422,326.08431269475
4,233.251184441635,320.055755823601
4,227.50445624917,317.595128363202
4,219.056899562211,326.511006803381
4,204.689288639583,338.496506647779
4,211.711270813349,311.031443058182
4,224.326074036911,334.528238430721
4,242.809208452797,319.108876886578
4,214.391390993567,290.589169368821
4,245.21561491906,307.153636019612
4,244.140368562365,325.202499876752
4,219.169195611321,307.224615382626
4,223.793149477072,335.762894240443
4,241.90441348397,349.929196493852
4,219.023454460199,325.175531481134
4,220.910066058007,307.21455773802
4,251.766892616475,319.178685319501
4,226.544436294927,331.70898345809
4,234.476495915774,311.04917478928
4,238.447173661194,332.957828822699
4,239.014627625359,333.382404042406
4,225.44518132755,344.314777092328
4,224.939193844908,315.805477558281
4,239.422139190617,318.828677760337
4,226.919045297437,310.374456469692
4,202.630972822506,320.906247134875
4,238.913175754967,347.27916026938
4,218.129576618502,322.656520345833
4,236.605066226041,325.816019126522
4,223.560162017664,347.301283061411
4,238.946184253331,313.122560351828
4,235.496463718563,334.682026143668
4,239.847465091359,327.64954384607
4,231.429590521103,337.472270258951
4,237.267469536066,324.521258365218
4,243.497760034888,327.461425244056
4,210.961298286482,325.634422970323
4,220.21881801706,349.657368225693
4,244.71987396704,333.246171309215
4,246.771581797329,315.055680098748
4,204.560715005595,319.943599574905
4,215.488429305986,308.604160525983
4,246.467558210517,330.985354406143
4,223.242990472256,317.435409422169
4,212.438445637832,304.640424172217
4,222.991790336198,311.535527223543
4,231.558005921065,368.373793642024
4,231.813401513098,333.412366221115
4,222.94890018015,301.816035856163
4,236.755520261178,346.168965220295
4,225.258245553544,328.327318104253
4,230.034164052538,327.033638861006
4,244.177044458758,326.064300589468
4,235.836222854753,331.291570196275
4,227.86046311623,322.619494989215
4,232.431984693563,338.191462740998
5,264.935489852769,270.996418086358
5,264.402143046811,293.970111102528
5,254.7760115558,289.809375492847
5,256.41596873709,284.615424707331
5,252.444404040492,275.374956436927
5,252.852552397729,270.092756572862
5,259.43286590254,276.467157635114
5,248.182774525416,272.933245473246
5,246.173677437135,281.5711387465
5,281.963913405704,284.386478449753
5,248.777749776202,264.766456991566
5,267.3447119671,281.746573711755
5,245.416366104961,270.179415404991
5,263.952058470643,272.26687585363
5,276.895436905519,290.506848698688
5,231.05397839641,269.221564412088
5,218.021097070264,288.922194361218
5,254.335519167069,281.714820408946
5,250.990942837141,268.433988613889
5,257.175075742574,277.111616072463
5,238.477202908016,247.05482636023
5,245.552333926181,240.560878929748
5,241.596519942733,270.617762483681
5,248.432191376957,254.920062675708
5,265.035521757471,274.054381029128
5,266.736269254988,274.049260878132
5,242.274227342934,265.032900143204
5,240.755749263829,270.647784662933
5,254.248232182489,257.494198679251
5,265.020424422321,300.607619997583
5,251.4177482219,259.141816992958
5,243.184047478158,262.152011980601
5,232.771392721357,262.208589139108
5,272.210923806743,278.927180141271
5,255.830650892602,258.971603385861
5,268.54900246622,278.34970657855
5,257.93015291201,268.19020983866
5,226.722978702885,261.62718576656
5,279.974252564536,276.245171697012
5,266.588850955052,267.52695678025
5,245.186370860156,256.140968335719
5,222.560563695569,298.34063422622
5,258.621497854627,313.174221973395
5,287.386607284428,256.065954368485
5,245.572260051426,283.399721474944
5,244.337972930224,261.325113798298
5,270.452184174251,276.385279833703
5,248.327466287052,279.822063887429
5,227.640024007824,293.698992892212
5,249.445871311809,281.751999726821
5,263.914485030159,284.588462326801
5,250.378012765057,263.028899532984
5,260.229788987608,265.060789603513
5,257.137062026872,264.163747944758
5,274.379242007572,280.765334860263
5,272.233764782844,275.930137331081
5,230.923086265904,269.536247207403
5,262.042244892233,300.11568176526
5,266.088074268024,312.331772099632
5,247.806254498971,277.658023370217
5,270.503243915445,289.346871484066
5,254.013802094343,264.946025118293
5,257.803165198809,252.989585394795
5,273.774517552401,268.958383305879
5,248.404095482899,277.515894080865
5,239.54169451188,272.453296217654
5,265.0606714945,272.909753370401
5,243.024308112977,263.915742961475
5,237.32129950126,233.087610913845
5,253.058463954894,254.320180932006
5,258.723186682903,260.983602548997
5,247.084398174428,282.793765830989
5,264.238864412442,289.471821278184
5,253.757219711252,266.410729997029
5,265.453844247382,260.294005900407
5,252.249164762111,257.747605486446
5,237.550454716696,264.792468104742
5,258.592707897302,278.909058474809
5,258.1125194334,257.505282517966
5,249.21483737311,289.056824111295
5,266.424669293835,265.326604609459
5,271.489181878314,262.981857883247
5,243.60656892632,264.251759592509
5,259.910248935713,298.849957332064
5,232.03045864863,260.633454648378
5,226.4355918391,270.373626996532
5,249.696726359265,265.985374173602
5,251.893606056954,279.336421011745
5,260.743986285715,260.70464503303
5,274.244598932353,282.618200748912
5,269.368463352621,252.647868071131
5,260.549331649564,294.329660219602
5,252.798862987855,259.802509186114
5,239.609689125929,254.816261916554
5,255.930012162761,292.535061510335
5,252.7056997061,272.724551257546
5,264.932397455436,274.030776275759
5,242.39963123814,255.570854249452
5,249.466333207074,272.367657550919
5,247.398014750053,268.535717113056
6,238.799104580406,189.181459912246
6,235.014515972414,167.901187272099
6,242.507004252571,191.096171878299
6,260.004635453173,193.451328695738
6,268.151855216457,215.466528076757
6,237.584222662072,187.960327569784
6,240.647255048298,203.582682667813
6,251.318310688814,206.683934294951
6,260.276015911671,200.06549305687
6,258.242998719969,189.088853164153
6,267.46468380357,207.093846391627
6,253.693905562903,190.308363665002
6,237.923506732799,206.9591085694
6,232.310328757962,193.656182460747
6,257.544051129318,183.433857698347
6,247.066757965742,183.66487179568
6,215.33266954555,197.812448834382
6,231.111553161989,192.247341130326
6,243.571467471661,184.10481865915
6,253.840716592589,181.377035255592
6,248.330399665703,234.204896644541
6,243.726512360242,183.255371309802
6,239.333649672232,178.322474359843
6,249.033479965949,208.287037941062
6,268.876821411433,187.084949740834
6,239.190982366052,176.898649036305
6,232.340474737649,203.201604800487
6,233.074747390492,174.007192277157
6,260.284194392373,210.398096513722
6,254.587356422816,216.004151416994
6,237.828835216926,177.714698585461
6,248.400513748562,195.63103773084
6,238.055237551378,200.737618642933
6,254.694318285802,196.262848164991
6,240.242618497548,202.832652707905
6,255.541797876344,178.547012501901
6,228.925213469677,182.863680003002
6,259.429044368877,216.677227504432
6,240.144625276093,171.728302809554
6,242.140674152655,221.22738634745
6,234.43538189563,199.425168121769
6,268.282746939634,202.719343554174
6,261.778479049432,230.543180309333
6,262.191171360821,190.211271151198
6,255.105118188661,199.546452694738
6,262.456493154568,215.628264814398
6,247.120018910012,205.020953936748
6,249.521177186341,190.435839840062
6,242.368346937793,192.233352705811
6,237.481847670433,172.987318564648
6,251.493069089764,224.399872715152
6,225.4325240817,189.940258653339
6,243.634230948109,204.59136896715
6,258.818194319216,184.210099880875
6,231.880096229999,180.739848547469
6,256.927506009974,190.926988286689
6,240.267627552964,179.706798657862
6,261.877856846907,197.618605179573
6,229.291928515961,191.660672132048
6,265.10391418199,192.129954348558
6,257.212051707333,232.348759989036
6,248.059542164805,195.518381848181
6,253.316742556172,174.094068743687
6,252.486537420972,197.40420817754
6,256.036580400369,195.028090157207
6,235.184359922933,174.511752516779
6,234.094792677005,192.873837261933
6,264.697160441949,199.972353521983
6,254.1172664232,200.954116852199
6,259.34419616021,187.581768179717
6,255.377280011811,189.015426263745
6,256.07328045638,225.088914106626
6,217.885104293604,184.63162511807
6,275.008552754268,202.55022682817
6,249.883767116022,207.126458742779
6,240.066092031937,201.790951219469
6,265.688270518667,204.805711178952
6,226.725934341022,201.894648117545
6,246.30024563659,236.25003896572
6,225.891712393842,182.913577783669
6,251.687219695322,161.161473243678
6,251.507038165493,195.528363558201
6,225.872174708966,174.650319698609
6,241.474284555532,204.02329210527
6,228.584035006765,151.93565758752
6,213.012778761876,175.321282285762
6,236.114965389664,190.832060654337
6,268.629651722609,221.712076415509
6,220.821470286424,167.387436543969
6,259.682988149097,205.595005181804
6,236.201207701715,193.961634248765
6,227.055107938188,183.378400169793
6,248.230793178564,194.304027985423
6,250.505939084875,185.843121541963
6,239.751214255958,189.788413655943
6,244.942792916407,190.913673052433
6,243.272155995674,193.737301256465
6,243.080963536559,200.004190783646
6,262.700248441939,168.397403933591
6,211.538443866199,196.693712931399
7,159.055025966187,232.088121739449
7,177.095552353864,216.479562548936
7,178.069202640267,191.131105419087
7,138.805078216595,208.756970946592
7,181.514776938516,217.535856454573
7,166.26696333111,218.421325503111
7,159.428535821957,207.427733991761
7,180.231325564426,200.336535572973
7,172.70726304144,203.512992284273
7,155.395268555322,192.333384870775
7,152.309164981366,212.399762027686
7,150.237634784557,201.51957193099
7,180.359894718364,190.836032325268
7,174.658860558326,204.863359035665
7,175.196011922801,229.695767932327
7,180.694198327318,222.671784514817
7,170.434301133236,232.398939557977
7,217.658182135861,224.291452723007
7,188.94599710497,224.372154557841
7,174.479111109911,215.016752470247
7,163.314050948364,209.080364663909
7,165.251215426147,215.842437450384
7,172.665087718571,227.089709953179
7,161.630530690806,198.879025636215
7,190.818764396671,209.311921268127
7,193.296725044727,204.280298463168
7,153.970370140754,201.292352528826
7,171.719778249848,181.961877941928
7,157.956116994966,240.617901317101
7,153.849907495581,199.357850744358
7,176.675567143925,211.704140935398
7,175.778683649748,228.284376460403
7,138.80221694517,201.772182800233
7,174.762719933611,219.96013411072
7,185.540833453742,227.246318731903
7,183.374666259175,184.474038056267
7,198.725096145355,234.301040226349
7,192.345835512268,227.977483642273
7,201.076970079188,228.964168675219
7,186.43069384451,230.889941156928
7,190.195380163954,233.508913626409
7,169.066536720407,201.219989717273
7,180.739673361327,204.408952471272
7,169.993489418247,210.992483661752
7,164.987118623167,183.859874541311
7,177.377752810294,208.369844308781
7,153.181740337407,207.262901074535
7,173.718629111747,214.676231129716
7,157.526148976642,210.57475480816
7,159.878547169094,200.101668324239
7,176.253420247473,230.55245991859
7,169.298903880187,215.606973448849
7,170.041186316638,200.68363504432
7,170.809714497858,208.294345999794
7,186.19427914845,221.432793294936
7,167.038251999072,198.690571691879
7,171.535399775255,192.986219329999
7,195.308926065656,200.78424080411
7,159.388774869438,207.834039916677
7,174.334117193137,195.967640654217
7,165.814563465707,206.106575484651
7,167.745720304279,217.186119377948
7,167.381005597429,233.305917640708
7,177.206035953429,205.389261236208
7,185.946431227181,226.209898550761
7,162.90999247989,207.537507535509
7,147.502461301008,238.850713234663
7,176.971476638966,238.994405378892
7,168.464095632595,219.855727377637
7,146.270618883908,222.655292744291
7,158.316388144676,191.312481272749
7,195.351742901379,242.950925565175
7,151.314397621862,217.240290896391
7,173.520825124224,183.609039198655
7,171.81522651758,233.2953164559
7,184.532644486583,207.525470931933
7,181.262824908403,224.671609328248
7,151.874628773107,244.38751158113
7,169.655526571653,230.948191980386
7,208.714816395555,237.265008015054
7,175.961432155393,229.991722320508
7,167.52314319164,234.779838881977
7,151.613438798598,235.254683915733
7,152.969774122801,188.539980307284
7,201.670543215745,232.206951231123
7,174.372701957574,196.304234387415
7,161.51775526126,205.411971228581
7,166.155085274615,222.955861796575
7,177.388270097663,223.968738653077
7,185.86409786895,214.573561732754
7,157.730438408917,205.064975821961
7,178.316601280726,210.64260709617
7,181.717082829184,219.68159326383
7,180.141352975804,208.641652242174
7,154.989196501525,207.204286466591
7,161.408115774117,199.834014660578
7,179.515803411297,218.526720435869
7,168.595309540479,221.769473113435
7,149.372456741705,216.723730576797
7,170.672857093487,217.877099978914
8,202.707654325685,217.594510047044
8,173.807020517954,209.594449395275
8,207.507577136476,232.192458968957
8,211.702199066472,223.1131758643
8,217.426105824512,193.040109597652
8,195.965505678161,200.40528614912
8,209.548194844247,211.163139355192
8,183.599596969285,201.414010345063
8,192.252010043942,208.506932342616
8,182.908160947534,211.884034716548
8,193.046709886442,200.998854054879
8,209.910236548781,211.798083059541
8,175.169977354778,212.690660669181
8,189.475723148325,207.013124274793
8,205.118497294731,197.288087121585
8,186.250461128956,237.211824477773
8,187.467243626115,231.336866057309
8,205.818826156211,242.26664143564
8,197.772517899872,207.457873823947
8,187.955359684643,208.344793908128
8,207.943756294878,203.496918918727
8,201.737297309674,208.852198052107
8,172.747494384951,203.679055172227
8,202.095589590201,224.173682764677
8,164.779657308637,207.383227212787
8,177.361603797308,217.550747696863
8,171.064115550076,172.281481347018
8,174.304509121617,221.929118895468
8,186.124930672701,229.853446873512
8,183.333505946336,217.39928061408
8,167.835874953255,194.487841970993
8,233.56453017317,211.56922684761
8,183.226481698762,208.638411955753
8,189.062799104916,185.19879181443
8,179.976400251178,185.410902635051
8,181.821171212435,212.403534340951
8,185.73152856687,213.840539285743
8,185.474265442386,215.831122383382
8,196.235115696669,199.693633693128
8,206.683320629998,218.996979208287
8,186.93603811956,208.698896195093
8,195.914682371681,248.86319079964
8,182.193148750547,223.639691990895
8,191.664143698215,228.102321991973
8,202.370146139493,228.518216306732
8,170.16785266183,226.018356497096
8,198.796884260391,216.987626342082
8,223.104297930637,203.456361150655
8,191.504171477819,195.718927838933
8,183.051425830742,208.244631070581
8,188.718976044693,229.341384313155
8,196.140890893163,211.372001941052
8,211.932381608745,186.344998563772
8,209.170611756638,213.727133907099
8,208.413324760179,228.533793572807
8,186.201149697462,189.741553961195
8,204.830736845817,191.675929191171
8,203.069634310813,196.984731193573
8,181.394877409563,211.848711434748
8,194.368911257637,203.30123315369
8,201.953936478019,201.826978438376
8,186.295560914787,206.875686967321
8,176.444011439963,196.769088085826
8,180.737591271561,209.838999621423
8,200.159083739716,213.924488867664
8,201.220056549593,224.31216598582
8,197.107996951418,197.078665726349
8,162.540992842952,235.768770323012
8,183.991880960553,197.479609266918
8,203.367854982285,246.01617479945
8,193.204941987568,212.385863545352
8,170.505357441763,179.722580692176
8,183.298851780947,201.172411199069
8,184.880562603663,218.490737959771
8,197.512962916683,234.066538067028
8,207.686929024698,234.528917598279
8,217.046910796498,249.063173494517
8,205.970357333613,235.568509503085
8,202.61741187634,204.46323518887
8,179.473458498043,186.743286535766
8,204.201803226969,199.9865959836
8,175.981956767545,210.109537362029
8,166.952759736615,197.868857145701
8,186.000869075546,232.120198048313
8,182.81073752585,220.722354204141
8,186.701290940989,209.233268686111
8,176.217843720764,207.441613789376
8,186.811147455642,208.672639493638
8,151.855766104775,208.42277840424
8,193.215607849042,207.498479002918
8,175.302794401021,211.773593247265
8,203.483617193688,209.648798028748
8,181.266542168824,206.998980690575
8,212.730857760851,215.22362166418
8,187.686659239956,187.717045420098
8,201.415564810811,201.76980510935
8,182.366818051379,221.376162495009
8,177.407788271722,216.420910410995
8,184.769378565994,210.989702092743
8,212.002075733424,225.186884741585
9,71.5796878329554,308.121004750537
9,101.775865211383,277.265880293129
9,90.586593153703,306.577493266341
9,87.2171720695315,276.378681077364
9,79.6830830147406,295.241812080244
9,104.960633755608,271.401712461581
9,96.7083546741846,295.733109094884
9,85.2960928958972,299.578554171031
9,95.9916038021377,290.737252837156
9,90.5094172183677,302.175329341697
9,97.2467219832385,297.098270226788
9,85.1810241170788,283.893161578298
9,77.4127870113293,290.001280875276
9,86.1052915153197,287.699388595611
9,79.3812310920973,304.68312917525
9,79.4432678455553,295.203515128396
9,95.7979633936222,320.738424439843
9,78.6430662802599,270.48556107046
9,74.1420659790278,297.27943137774
9,72.7175570525925,277.667943383533
9,66.6676732912802,297.628620905302
9,66.3571994215726,284.443208019183
9,84.0537523150025,282.001988509675
9,61.5745969060582,277.143684284833
9,102.698777294081,297.590186834085
9,97.2829953462165,319.45633097799
9,95.673182458247,307.649998603327
9,90.4100319344203,293.250029161533
9,88.4803203475964,289.835215032193
9,85.1379430735189,284.454062278383
9,87.3984858846155,280.832779856676
9,82.7492283746248,299.12877981949
9,73.855203320917,288.133215399103
9,83.6737298684304,270.272368236141
9,96.8545590204546,297.663507547704
9,65.8027312649224,304.710432726234
9,67.7844839217117,297.602956953063
9,97.0528929505903,280.347406256636
9,102.285212842231,295.881420650437
9,78.2790904902239,301.401735661033
9,99.4335909885935,284.854107868091
9,75.00440380184,299.505121803268
9,78.7974237243787,273.320540722423
9,90.2104516699352,294.410540413291
9,77.5644073077688,307.681868512276
9,88.3111171251829,277.258015977141
9,90.58095708865,283.75353607194
9,63.4920702944775,289.878086229309
9,81.2220199647422,305.39811649602
9,76.9651075160833,296.228641368089
9,85.3710231172765,321.991196521259
9,59.6792056497247,305.059382733824
9,87.3898194446043,282.969861122467
9,80.4389741696864,264.593863996545
9,77.5802980020892,285.473662142217
9,80.5961143485234,288.528067752466
9,67.9823556087158,278.078536763139
9,62.4051468384687,264.596999863651
9,89.8135007072956,289.161796692133
9,85.9765397388876,287.1731611235
9,79.7358318593634,264.368353694629
9,69.3901250525059,278.42116368236
9,98.2722169787463,299.88109327164
9,77.5288906960028,289.291310173177
9,75.7765618347444,289.410435738586
9,110.027581651305,313.040671165913
9,75.6287046487565,294.400370420345
9,87.6248930826981,305.657817286224
9,93.7430611188164,298.52696729361
9,82.2697695353473,271.544413655743
9,81.7418439982624,277.357839479444
9,88.4504416505281,315.949606220663
9,86.5879058054036,288.551047229472
9,76.1024657898824,289.687499960633
9,124.635440029754,307.41433548053
9,69.9176932197681,288.54092136037
9,87.4161943558195,298.24581005845
9,85.0698851888658,262.987933419394
9,90.5501612315321,292.686714125012
9,97.5642662905501,302.399445208234
9,79.9161541323089,260.069463647379
9,94.0966394595773,277.861735146586
9,87.7562463701769,299.53610472246
9,84.1050762980568,263.207065372982
9,79.3178827293777,293.439593261884
9,97.1874568375472,312.396864075837
9,92.3987691786746,301.101022941706
9,92.4427137247045,282.792570262957
9,79.7796221604298,255.239757949903
9,93.2698294799981,311.875577355659
9,77.0773320050521,287.263516260262
9,95.1277722318422,316.3579168415
9,78.6535322540772,294.976949583932
9,80.2573444251724,273.76191978113
9,96.9806070624432,304.548875908161
9,86.7577855118989,281.77790272598
9,87.900750099738,290.863773573315
9,86.4791967282665,293.08298651626
9,81.7372302790486,311.102214569719
9,71.1312958273627,279.842799784885
10,114.593929517823,271.112056069756
10,108.867994923239,297.176297342445
10,91.6908135533092,249.165478248822
10,122.753414014312,296.682964720378
10,122.803085909803,304.289561474123
10,120.686266982906,292.591924154752
10,120.769271834085,310.053191510736
10,105.352707891407,272.932087600035
10,119.446613883137,278.324590478918
10,104.747687492517,291.86128274887
10,109.216094354347,281.766846028266
10,122.496887868275,326.341240102687
10,124.0511129523,289.874236968761
10,116.497939369539,281.415508329508
10,102.061601054977,285.677866736785
10,103.889390970438,284.885215117397
10,122.583726157854,289.835349442442
10,130.792102733191,286.839881917353
10,110.324208449672,270.34929488837
10,97.5441383233042,283.500216925727
10,110.790736907692,282.097141837162
10,122.412131074481,279.729026661624
10,137.694985523394,322.026767222545
10,101.380916092307,309.577652997425
10,101.292054246782,277.286702755546
10,120.331791052292,289.321885978145
10,90.3541304255347,253.370620124524
10,103.749403273012,300.912764361792
10,104.539217620209,286.601730059489
10,108.14155889429,296.599218172326
10,107.715290811205,300.444153168457
10,133.542330199501,290.313697574153
10,98.2031238773291,274.652420300675
10,114.332804770459,302.586800893114
10,101.560326608961,284.749438275443
10,107.932544617449,274.239529577258
10,119.788959819736,257.551121848979
10,111.961812089526,308.026166427416
10,120.046168853618,291.333571776828
10,111.54671653633,284.229617728481
10,129.733042772013,316.135710951193
10,110.427600028615,293.879345173963
10,122.074397903769,273.185774380264
10,118.477709738647,301.506432992956
10,99.4543626582979,272.983218446647
10,106.578382692178,293.888848463952
10,110.15628683809,293.863278890131
10,122.208425615727,315.404233154233
10,97.8627189473064,290.852952829277
10,114.940043118938,312.432629529002
10,114.888274700947,294.32906457023
10,105.862701485335,272.879415484651
10,101.434652724514,290.423195675727
10,82.1151899745543,282.135762880732
10,99.5513818353707,296.101196141199
10,90.4678113993616,285.428181347348
10,118.235938167953,277.504849324104
10,118.183883926182,299.438405125096
10,91.5940317884059,291.966109980626
10,129.928232687974,292.301350216448
10,103.935128933488,289.797227509151
10,103.808460599981,287.467402612746
10,102.124313143253,279.902504533313
10,132.137498285895,289.623962590285
10,110.984915588448,298.340376280471
10,128.459117321792,304.375595605255
10,112.983816900721,282.428810501561
10,113.033997784194,298.548813604645
10,113.273931163296,285.03677809745
10,91.6423515832803,294.786063512416
10,100.978686110538,307.236921358005
10,96.1218215256408,288.01288920587
10,124.840240492419,306.896702256373
10,121.719532539456,271.336583289888
10,105.949049129212,278.344566843282
10,114.245134994347,322.575133561943
10,121.174318429029,312.093194638231
10,106.014726915783,286.520213075619
10,135.087476975343,325.181539624479
10,116.33034373224,305.549957991278
10,96.5069403740941,282.878388499327
10,116.840573314537,293.199037732943
10,122.649961815385,276.582722543525
10,109.374320457647,306.222747696212
10,104.787739254501,273.048662705722
10,123.696820073006,308.847270245553
10,131.388877496126,301.928008513424
10,115.446012284225,296.39601742558
10,119.30397751925,299.541880229689
10,127.313056611686,269.079616990612
10,97.7682055333744,277.346011388964
10,112.866360133599,286.447646748524
10,98.6121445919114,284.406829450919
10,117.048381272377,278.230154150774
10,117.339263271762,294.465819778605
10,122.063473437175,298.861727213378
10,125.074513417311,306.431004796183
10,111.963311556398,295.72160089067
10,100.349624699072,312.625045591561
10,107.940801427839,283.393219526881
11,68.0364496547138,300.06791923521
11,101.228400150166,315.331592047465
11,66.7056648853061,310.284817160721
11,64.2077294903606,316.878784098361
11,76.4456518932182,330.706686598202
11,88.4948719984221,328.910287293054
11,63.3268404910491,308.717083715899
11,76.9355451033488,314.074780901531
11,81.5034593144235,299.97541324782
11,50.866363365211,307.568231260531
11,63.8349275272565,320.565244337127
11,78.6606169742897,331.033110936386
11,67.5997433844543,309.733788605123
11,67.6423967800907,304.298796108497
11,56.8173156968144,289.077972698694
11,60.8988426431413,295.944950870226
11,65.4452025067469,332.08890265719
11,69.6674182036103,327.8874142162
11,68.6347110240691,302.503503692565
11,77.5698677905267,309.87570093959
11,70.2833779901425,326.613488192102
11,57.7233545272517,311.430263646971
11,75.4596763901184,307.433763102893
11,48.2758675011424,302.218211365212
11,66.7336405463248,336.318543279373
11,65.2283766526107,312.118961892316
11,78.0483553377758,315.579866868299
11,78.1576556256313,320.915290155847
11,85.7776900032609,282.445131821751
11,73.8675489243243,321.944502557655
11,61.7070920800581,323.339257453178
11,61.0813154128318,307.405528514471
11,80.0302643146811,285.862534148831
11,74.9094117766086,317.650775149028
11,93.0648109773615,335.016291283994
11,70.3209707488137,318.912633104672
11,70.0232218343484,312.844455798315
11,59.4480489702688,300.912004720053
11,86.30165894332,330.402029337551
11,55.0404101787329,318.187739247132
11,59.9187567063216,286.006637524068
11,75.0281907482131,305.435876301472
11,56.0200255578737,310.251937765717
11,71.6131270143052,318.57269791013
11,54.8983121544598,285.111289435541
11,55.2186344107363,310.204176851278
11,85.6072590506397,321.377920045225
11,59.4366709399608,296.160786035812
11,44.8074427773897,298.31835370289
11,73.881062047245,301.947355801453
11,81.0940640226677,307.706768570971
11,72.7720756204575,305.576939945086
11,60.6815078871651,297.607101959919
11,58.0967791426391,313.214360279192
11,51.43751784765,330.001754876713
11,62.0087305344688,312.662649874982
11,50.509744338171,306.947504299674
11,82.6945559832558,328.367922706299
11,59.4439023734321,316.595856774925
11,43.6710571221743,309.945117994901
11,65.8665210322059,313.513316788298
11,63.040221784938,317.812969984931
11,76.1752258294455,319.052435433145
11,45.8290936325464,305.828563554274
11,61.6986010435332,309.972052382729
11,70.5557607767182,308.849748945021
11,61.9021584400538,319.084467838228
11,87.5839846935203,309.568624805216
11,75.5142121130197,329.853932812686
11,57.3649525373456,330.272747210076
11,70.7253452286496,307.571709432977
11,62.1776426407692,281.32004644451
11,74.3191766210882,335.048686707951
11,71.6045224468842,333.967498272128
11,76.4975233829802,315.314028037256
11,54.6406607479715,313.264369438812
11,49.6446757854567,286.406886645113
11,64.7155057226119,306.786905329124
11,72.9659655199896,338.633108545976
11,79.5153538258717,290.825969349302
11,65.7023717043482,308.523588972724
11,59.0409829916021,287.35254820413
11,81.1872082996129,314.944478493986
11,68.9054205916896,338.779711956478
11,59.349186473449,304.692114896394
11,67.8168319186124,314.462421895567
11,76.7261938640312,320.207685213685
11,75.6908915433003,290.533974349372
11,67.5510663386562,310.976312659691
11,70.2563068927259,321.349208345452
11,64.3596456722253,307.23687026933
11,67.6541951756268,306.546766164982
11,83.8425758726332,310.474222681854
11,93.3477327131079,313.321359374849
11,91.089379485961,305.195135970327
11,70.8634885602333,322.080580487389
11,64.4749918745355,313.900972091968
11,82.717986264839,322.721002151348
11,70.919610917635,331.815337248299
11,61.805883402077,293.804307805498
12,125.368082401254,281.575534210545
12,168.585226424825,336.932952313808
12,133.372759178174,312.855705813793
12,117.760177916331,301.55999605703
12,157.792555930648,296.460669754747
12,134.419046434606,299.414852936603
12,141.490714257577,302.936989807958
12,140.300742174275,332.611089743169
12,134.464246114339,300.382148811086
12,159.103258993653,309.92705802455
12,126.239288824334,300.443151348236
12,127.122209067534,294.151677124715
12,115.015801705624,289.120331188873
12,116.889494046601,308.611256653357
12,155.891882793233,321.285551766261
12,134.742193919279,298.60605219968
12,137.276426901925,299.823725187147
12,145.593875949282,287.674153976438
12,145.016124485173,279.631819096423
12,141.320667165256,313.57719702385
12,148.628417209775,305.573322950216
12,109.922009882122,290.21058573284
12,143.631723681718,302.633581042736
12,141.856012255728,306.333548609234
12,149.10860457836,285.874666211226
12,112.916546500779,297.551501263488
12,133.080379260279,326.402425843501
12,153.051378349822,326.959892725649
12,124.701557470407,300.797520965764
12,143.678328002069,301.407110766366
12,152.438282452189,317.563711358455
12,129.973616487181,298.551764783781
12,148.770338700227,306.310714985558
12,131.975560649071,298.569820393875
12,133.623606325151,288.557914049627
12,154.738289426658,319.061613109665
12,131.93618147851,342.837370282409
12,142.889861511006,300.704873326012
12,129.311355642444,296.98214887484
12,141.902583020552,305.551092437693
12,149.689894447055,316.126110682786
12,138.96342383189,308.907349315586
12,136.206578251399,297.839166728572
12,145.461605063742,309.514889127332
12,135.978582733215,324.239390751841
12,132.406169401017,325.633163382931
12,136.166098108656,294.389510070183
12,139.954341752215,303.151279009401
12,115.405124767668,297.949536173115
12,128.663318601572,317.826942195074
12,147.182199030248,328.605381948785
12,138.162772864974,305.356334977704
12,141.764618930338,310.902727219151
12,138.557470880663,313.352314541505
12,124.017651574543,301.313066930727
12,136.323191154022,323.158431515695
12,136.159079309926,337.35857000372
12,124.744256053984,301.398618998084
12,124.663003662351,298.555940725367
12,142.754051693507,289.678211573119
12,137.376302585965,324.696626106979
12,125.052470322623,292.247968070304
12,154.316103868983,315.980922200959
12,116.11010662462,314.081663618822
12,120.24715801462,302.066908644072
12,153.926752824124,297.072054737171
12,109.762775734175,321.579178492828
12,109.241897839473,302.969423048449
12,152.305463715795,313.126740381821
12,124.985178323134,301.526984250525
12,156.543894226619,313.738579540012
12,138.506841307577,304.569069610192
12,136.974465725214,309.888764489488
12,144.585074017464,297.887896616513
12,138.763214886865,315.675883579252
12,132.574333833247,306.430290610489
12,122.118192309076,295.026915501709
12,152.154309199458,313.073038829966
12,138.94566617177,299.099558052574
12,157.380254620892,305.700220282593
12,136.627955630504,321.669407739199
12,140.731551746057,297.15937173222
12,126.358039024326,305.164460545045
12,137.279632274037,313.082817825932
12,131.507863710599,307.045553960135
12,137.011574895369,306.598829014892
12,146.065910409771,324.21990278201
12,136.781180735862,294.299786601347
12,142.939785136072,307.555610436453
12,150.129383252844,317.096439060174
12,117.197537211943,288.628825420556
12,148.56873978656,343.32061047712
12,149.277119692798,308.372732468267
12,137.10514732937,309.276563763847
12,128.958110006241,309.8803175066
12,139.002451632194,290.26942009032
12,133.219962611481,310.053398953033
12,124.476732663072,301.415664045135
12,149.746459422847,312.69308010363
12,124.765461403096,300.698010725678
