col_1,score
1,0.0007053
2,9.34289e-008
3,0.000793439
4,0.00141049
5,0.0104899
6,0.00132234
7,9.34289e-008
8,0.000352692
9,0.0271503
10,0.000176392
11,0.00193938
12,0.00564166
13,0.000440848
14,0.00282092
15,0.00282088
16,0.00581799
17,0.00114605
18,0.00132236
19,0.000440841
20,0.000176395
21,0.00493654
22,0.000176395
23,0.000440848
24,0.00273277
25,0.00537721
26,0.00740476
27,0.00334983
28,0.00114604
29,0.000440841
30,0.000264546
31,0.0116358
32,0.000793439
33,0.00176308
34,0.00784552
35,0.011636
36,9.34289e-008
37,0.00255643
38,0.00123421
39,0.000528998
40,8.8243e-005
41,0.0137516
42,0.000969753
43,0.000440841
44,0.0129582
45,0.00290907
46,0.000969738
47,0.00273273
48,0.000264546
49,0.000176395
50,0.00185123
51,8.8243e-005
52,0.00978484
53,0.00810985
54,0.000793439
55,0.0121648
56,0.000617149
57,0.00141051
58,0.000352692
59,0.00775737
60,0.000881602
61,0.00722835
62,0.000264546
63,0.00123419
64,9.34289e-008
65,0.00361422
66,0.00943223
67,0.00405497
68,0.000264546
69,0.00123419
70,0.00405503
71,0.000264542
72,0.00185123
73,0.00308537
74,0.00308533
75,0.00105789
76,0.00202753
77,0.00273273
78,9.34289e-008
79,9.34289e-008
80,0.000793451
81,0.00793367
82,9.34289e-008
83,0.000352692
84,0.016396
85,0.00105789
86,0.000176392
87,9.34289e-008
88,0.00405497
89,0.00149864
90,0.000176392
91,0.0104017
92,9.34289e-008
93,8.8243e-005
94,0.00202756
95,0.00220386
96,0.0007053
97,0.000264546
98,0.00802175
99,8.82443e-005
100,0.00114605
101,0.00493647
102,0.0178063
103,0.00193939
104,0.0157789
105,0.0010579
106,0.00176311
107,0.0106662
108,0.000617149
109,0.000881602
110,8.8243e-005
111,0.000969738
112,0.00343798
113,0.0165725
114,0.000264546
115,0.00555353
116,0.00996114
117,0.00352607
118,0.0182472
119,0.00669956
120,8.8243e-005
121,0.00431942
122,0.00458387
123,8.82443e-005
124,0.00141049
125,0.0060825
126,0.00229198
127,0.00070529
128,0.0115479
129,0.00185123
130,0.00458387
131,0.0177182
132,0.00149866
133,0.00282088
134,0.000528991
135,0.00502462
136,0.000264546
137,0.000352697
138,9.34289e-008
139,0.00740476
140,0.0157789
141,0.000352692
142,8.82443e-005
143,8.8243e-005
144,9.34289e-008
145,0.0007053
146,0.00255647
147,0.000176392
148,0.00105789
149,0.011724
150,0.00167496
151,0.00484839
152,0.000793451
153,9.34289e-008
154,0.00167493
155,0.00334978
156,0.00220386
157,0.000264546
158,0.00061714
159,9.34289e-008
160,0.00361428
161,0.0010579
162,0.00467202
163,0.00202753
164,0.0291778
165,0.000440848
166,0.0149856
167,0.0215969
168,0.000528991
169,9.34289e-008
170,8.82443e-005
171,0.00467209
172,9.34289e-008
173,0.0254755
174,0.00158678
175,0.000440841
176,0.0007053
177,0.00370243
178,0.00652316
179,0.00282089
180,0.00167493
181,9.34289e-008
182,0.000352697
183,0.00238017
184,0.00899135
185,0.0129582
186,9.34289e-008
187,8.8243e-005
188,0.00255643
189,0.00282088
190,0.000352692
191,0.00899135
192,0.00387873
193,0.000264542
194,0.0007053
195,0.000528998
196,0.00061714
197,0.00061714
198,0.00317352
199,0.000264542
200,0.00661131
201,0.00282092
202,0.000793451
203,0.00634695
204,0.00167493
205,0.00141051
206,0.00220383
207,0.00978469
208,0.00943209
209,8.8243e-005
210,0.00855062
211,9.34289e-008
212,0.0060825
213,0.0019394
214,0.00255643
215,0.00396686
216,0.00793355
217,0.000176392
218,0.00934408
219,0.00238017
220,0.0165723
221,0.000264546
222,0.0226547
223,0.00158681
224,0.00493647
225,0.00202753
226,8.8243e-005
227,0.00326163
228,9.34289e-008
229,8.82443e-005
230,0.00308537
231,0.0208035
232,0.000264546
233,0.00290905
234,0.00238013
235,0.00264462
236,0.000176392
237,0.0150737
238,0.00211568
239,9.34289e-008
240,0.000264542
241,0.00934398
242,0.00484832
243,0.0115479
244,0.00167493
245,0.00431948
246,0.000881589
247,8.82443e-005
248,0.00793367
249,0.000264546
250,0.00511284
251,0.000176392
252,0.00141051
253,0.0198339
254,0.00334983
255,0.0209799
256,0.000264542
257,0.00149866
258,0.000264546
259,0.00123421
260,0.000528991
261,0.00943223
262,0.00537721
263,0.00158678
264,0.00581796
265,8.8243e-005
266,0.000528991
267,0.00167493
268,0.00167493
269,8.8243e-005
270,0.00899135
271,0.00396688
272,0.00828615
273,0.000793439
274,8.8243e-005
275,0.00114604
276,0.000793451
277,0.00828627
278,0.000528998
279,0.0142803
280,0.000528998
281,0.00158678
282,9.34289e-008
283,0.0007053
284,0.000264542
285,0.00149866
286,0.00749291
287,0.000793451
288,9.34289e-008
289,0.000440841
290,0.00167493
291,0.00185123
292,0.00158681
293,0.0007053
294,0.0184234
295,0.000176392
296,0.0106662
297,9.34289e-008
298,0.000440848
299,0.000793451
300,0.00070529
301,0.00176311
302,0.00193938
303,0.00149864
304,0.000352692
305,8.82443e-005
306,0.000352697
307,0.0166605
308,9.34289e-008
309,0.00361422
310,0.00061714
311,0.00149864
312,0.00440764
313,0.00141049
314,0.0147213
315,0.00229202
316,0.00802174
317,0.00343792
318,0.00925579
319,0.0059062
320,0.000617149
321,9.34289e-008
322,9.34289e-008
323,0.000528998
324,0.000264542
325,9.34289e-008
326,0.00678771
327,0.00317348
328,0.00123421
329,9.34289e-008
330,0.00264459
331,0.0162196
332,9.34289e-008
333,0.0045839
334,0.000793451
335,8.82443e-005
336,0.00061714
337,0.000617149
338,0.00149864
339,0.000176392
340,0.000617149
341,0.00687586
342,0.00273276
343,0.000176392
344,0.00334983
345,0.00308537
346,0.00705206
347,0.00308537
348,0.00387873
349,0.0243296
350,0.00105789
351,0.00123421
352,0.0266214
353,0.00502469
354,0.00202753
355,0.00246832
356,0.00537721
357,0.00282092
358,0.000176395
359,8.82443e-005
360,0.00202753
361,0.0064351
362,0.00123419
363,0.0007053
364,9.34289e-008
365,0.00229202
366,0.00484832
367,0.00423133
368,8.82443e-005
369,0.000617149
370,0.00167496
371,0.0101373
372,0.00476017
373,0.00846245
374,0.00185126
375,8.82443e-005
376,0.00070529
377,9.34289e-008
378,0.0049365
379,0.00379052
380,0.0106662
381,0.000881602
382,0.0007053
383,0.0007053
384,0.00476019
385,0.00061714
386,9.34289e-008
387,0.00511277
388,0.00238013
389,0.0111951
390,0.00282088
391,0.00449572
392,0.00264458
393,0.00123421
394,0.000969738
395,0.00907957
396,0.00105789
397,0.00132234
398,0.00326163
399,0.00396688
400,0.000264542
401,8.8243e-005
402,0.00352607
403,0.0126937
404,0.00625873
405,0.000176392
406,0.00193941
407,0.00334978
408,0.00511284
409,8.82443e-005
410,0.000881589
411,0.000528991
412,0.00996099
413,0.000793451
414,0.00599426
415,8.8243e-005
416,0.000881589
417,0.00123419
418,9.34289e-008
419,0.000440841
420,0.00396688
421,9.34289e-008
422,0.00899135
423,0.00229198
424,0.00282088
425,0.004055
426,0.000264542
427,0.00185123
428,0.000264546
429,0.00167493
430,0.000440848
431,0.00934403
432,0.00608241
433,0.000969753
434,0.00890333
435,0.00264458
436,0.000264546
437,0.00916764
438,9.34289e-008
439,0.00193938
440,0.00379052
441,0.000528991
442,0.00431948
443,0.000881602
444,0.000793451
445,0.0133107
446,0.0121647
447,0.00141049
448,8.82443e-005
449,0.000264542
450,0.000264546
451,0.000352692
452,0.00317348
453,0.000881589
454,0.000352697
455,0.00520099
456,0.000176392
457,0.00211568
458,0.00114604
459,8.8243e-005
460,0.000881589
461,9.34289e-008
462,0.00167493
463,0.00317352
464,0.00167493
465,0.00414312
466,0.00282092
467,0.00141049
468,0.00599426
469,0.00132236
470,0.0266214
471,0.000969753
472,0.0007053
473,9.34289e-008
474,0.024594
475,9.34289e-008
476,8.82443e-005
477,0.00643501
478,8.8243e-005
479,0.0215088
480,0.0209799
481,0.00440757
482,0.00176308
483,0.000528998
484,0.00132236
485,9.34289e-008
486,9.34289e-008
487,0.00273277
488,0.00352607
489,0.00193941
490,8.8243e-005
491,9.34289e-008
492,9.34289e-008
493,0.00255647
494,0.00476017
495,0.000176395
496,0.0110189
497,0.00273273
498,0.0126936
499,0.00238013
500,8.8243e-005
501,8.82443e-005
502,0.00599431
503,0.019834
504,0.00546536
505,0.000264542
506,0.015867
507,0.00537729
508,0.021685
509,0.00687586
510,0.00211571
511,0.000264542
512,0.00255643
513,0.00458394
514,0.0057299
515,9.34289e-008
516,0.0007053
517,0.000264542
518,0.0195695
519,0.0113714
520,9.34289e-008
521,0.000352692
522,0.00617059
523,0.000264542
524,0.00149866
525,0.00458394
526,0.00211571
527,9.34289e-008
528,0.000617149
529,0.00220383
530,0.00290907
531,9.34289e-008
532,9.34289e-008
533,0.00440757
534,0.00599435
535,0.00687576
536,8.8243e-005
537,9.34289e-008
538,0.00114604
539,0.000352692
540,0.00238013
541,0.00061714
542,0.00916764
543,0.000440841
544,0.00590611
545,0.00493654
546,0.00132234
547,0.000969738
548,9.34289e-008
549,9.34289e-008
550,0.00255643
551,0.000176395
552,0.0133989
553,9.34289e-008
554,0.000264546
555,0.0141041
556,0.0007053
557,0.000176392
558,0.00220383
559,0.000440841
560,0.000793439
561,0.00132234
562,0.00872703
563,0.00617056
564,0.00070529
565,0.000528998
566,0.00273273
567,0.00211568
568,0.00167493
569,0.00299718
570,0.00282088
571,0.00722835
572,0.00185123
573,0.00061714
574,9.34289e-008
575,0.00361422
576,0.00731661
577,0.00246828
578,0.00282088
579,0.00070529
580,0.0174538
581,8.8243e-005
582,0.000352692
583,0.000264546
584,0.00255647
585,0.00590611
586,9.34289e-008
587,0.00352607
588,8.8243e-005
589,0.00123419
590,0.00061714
591,0.000969753
592,0.00352607
593,0.0138397
594,0.00149866
595,0.000793451
596,0.00255647
597,0.00387873
598,0.00387873
599,8.8243e-005
600,0.00220386
601,8.8243e-005
602,0.00193941
603,0.00061714
604,8.82443e-005
605,0.00599435
606,0.000264542
607,0.00202753
608,0.00273273
609,9.34289e-008
610,0.00158678
611,0.000264542
612,0.000528998
613,0.00907949
614,0.00149866
615,0.000176392
616,0.0115477
617,0.00731661
618,9.34289e-008
619,0.00158678
620,0.00167496
621,0.00238017
622,0.0267096
623,0.000969753
624,0.000440848
625,0.00317348
626,8.8243e-005
627,9.34289e-008
628,0.00405503
629,0.00678761
630,0.0076691
631,0.00211568
632,0.00211571
633,0.00229198
634,0.00132236
635,0.00863888
636,8.82443e-005
637,8.8243e-005
638,0.00696391
639,0.00123419
640,8.82443e-005
641,0.00202753
642,0.021156
643,0.0113715
644,0.0135751
645,0.0119885
646,0.000176395
647,0.00511284
648,0.00264458
649,9.34289e-008
650,0.000264542
651,0.00105789
652,0.000264542
653,0.0203627
654,0.00299718
655,0.00202756
656,0.000793439
657,0.00361422
658,0.000793439
659,0.00114605
660,0.00202753
661,0.00149866
662,0.00220383
663,0.00749291
664,0.00581805
665,0.00546545
666,0.000264546
667,0.00114605
668,0.0156908
669,9.34289e-008
670,0.00537721
671,0.000352692
672,0.00105789
673,0.000440841
674,0.0227427
675,0.000352692
676,0.000793439
677,0.000176395
678,9.34289e-008
679,0.00282088
680,8.82443e-005
681,0.000617149
682,8.8243e-005
683,0.00687576
684,0.000352692
685,0.0227427
686,0.000881589
687,0.0060825
688,0.000352697
689,0.000176392
690,0.00696401
691,0.0178065
692,0.00467202
693,0.0215088
694,0.00678771
695,0.00916778
696,0.0007053
697,0.000793439
698,0.00502462
699,0.000969753
700,0.00881518
701,8.8243e-005
702,0.00334978
703,0.0247703
704,9.34289e-008
705,8.82443e-005
706,0.00264458
707,0.00370237
708,0.00581796
709,0.00211568
710,0.00414312
711,0.00308537
712,0.0139279
713,0.0100491
714,0.00123421
715,0.000617149
716,0.0156027
717,0.00625871
718,0.000440841
719,0.00652322
720,0.00273277
721,0.000969738
722,0.000528998
723,0.00396682
724,0.00916768
725,0.00634695
726,8.8243e-005
727,9.34289e-008
728,0.00290907
729,0.000528998
730,9.34289e-008
731,8.8243e-005
732,9.34289e-008
733,0.00070529
734,0.000176395
735,0.0059062
736,0.000264546
737,9.34289e-008
738,8.82443e-005
739,0.00238013
740,0.00229198
741,8.8243e-005
742,0.0105782
743,0.00802182
744,0.00132234
745,0.000352697
746,0.000264542
747,0.00370237
748,8.8243e-005
749,0.00105789
750,0.00661131
751,0.000176395
752,0.0185996
753,0.0185115
754,0.0104019
755,0.00467202
756,0.0109308
757,0.00493647
758,0.00123421
759,0.00176311
760,0.00158678
761,0.00193938
762,0.00405503
763,0.00379052
764,0.0137515
765,0.00220383
766,0.00414318
767,0.00634695
768,0.000881602
769,0.000969738
770,0.0010579
771,0.00987291
772,0.00141051
773,9.34289e-008
774,0.000528991
775,0.00185123
776,0.00643501
777,0.00317352
778,0.00185123
779,0.000969753
780,0.00070529
781,0.0235362
782,0.00572981
783,0.0122529
784,0.00061714
785,8.8243e-005
786,0.00423133
787,0.00193938
788,0.0087269
789,0.00070529
790,0.000264542
791,0.0161315
792,0.000176395
793,9.34289e-008
794,9.34289e-008
795,0.0110188
796,0.00123421
797,0.00705206
798,0.00149864
799,0.00114605
800,0.00114604
801,8.8243e-005
802,0.00132234
803,0.00881505
804,0.00484832
805,0.00176308
806,8.8243e-005
807,0.000528998
808,0.00105789
809,0.000528991
810,9.34289e-008
811,0.00149864
812,0.000793451
813,0.00123419
814,0.00220383
815,0.0104017
816,0.00273273
817,0.000528991
818,0.00229202
819,0.000176392
820,0.00141051
821,0.000440841
822,0.00282088
823,0.00123419
824,0.00114605
825,0.000440848
826,0.00449579
827,0.00158681
828,0.00537724
829,0.000264542
830,0.00238013
831,0.000528991
832,0.00202753
833,0.00537729
834,0.00238013
835,0.00132234
836,0.00246832
837,0.00141049
838,0.00246832
839,0.00722846
840,9.34289e-008
841,0.000352692
842,0.026357
843,9.34289e-008
844,0.00581805
845,0.00264462
846,0.00537721
847,0.0138396
848,0.00493647
849,8.8243e-005
850,0.00326167
851,8.82443e-005
852,0.0133107
853,0.0102256
854,0.000617149
855,0.000176395
856,0.00714031
857,0.0129582
858,0.00061714
859,0.0225665
860,0.00149866
861,0.0144566
862,0.00511284
863,0.00590611
864,0.00141049
865,0.00511277
866,0.00317348
867,0.00167493
868,0.00361428
869,0.00176311
870,0.000264542
871,0.00282088
872,0.0212442
873,0.00731654
874,0.000176392
875,0.00599427
876,0.00802177
877,0.00061714
878,8.8243e-005
879,0.00132234
880,0.000528991
881,0.0059062
882,0.00070529
883,0.000881602
884,0.00317348
885,0.00193938
886,0.000264542
887,0.00334978
888,0.00846245
889,0.00343798
890,0.0138396
891,0.000176392
892,0.00220383
893,0.00431948
894,8.8243e-005
895,9.34289e-008
896,9.34289e-008
897,0.00211571
898,0.00352607
899,9.34289e-008
900,0.00167493
901,0.000528991
902,0.000264542
903,8.82443e-005
904,0.00238017
905,0.00185123
906,0.00167496
907,9.34289e-008
908,0.00352613
909,0.000264542
910,0.000440841
911,0.00229202
912,0.00326167
913,0.00282092
914,0.0108426
915,0.008198
916,0.00643501
917,0.00396682
918,8.8243e-005
919,0.00652319
920,0.00740465
921,0.0190406
922,0.00458394
923,0.00061714
924,0.00722835
925,0.00370237
926,0.00141049
927,0.000881602
928,0.000176392
929,0.00493647
930,0.00370237
931,0.000264546
932,0.00423133
933,0.00273277
934,0.00934394
935,0.0134872
936,0.00220386
937,0.0140159
938,0.00661131
939,0.00775733
940,0.000264542
941,0.00440764
942,0.000881602
943,0.000617149
944,0.00299719
945,0.00123419
946,0.000969738
947,0.00916778
948,0.00837442
949,0.0283845
950,0.0120766
951,0.0087269
952,8.8243e-005
953,0.00528907
954,0.000528991
955,0.00061714
956,9.34289e-008
957,0.000176392
958,0.000617149
959,0.017013
960,0.0060825
961,0.00387873
962,0.000352692
963,0.00211571
964,0.00476017
965,0.0122529
966,0.000176392
967,8.8243e-005
968,9.34289e-008
969,8.8243e-005
970,0.00290903
971,0.00599435
972,9.34289e-008
973,9.34289e-008
974,0.00273273
975,0.00132234
976,0.00625876
977,9.34289e-008
978,0.00158678
979,0.00193938
980,0.00863883
981,0.00467202
982,0.00282092
983,0.00493647
984,0.00158681
985,0.00855072
986,0.00520099
987,0.000264542
988,0.000440841
989,0.0007053
990,0.00387873
991,0.000969738
992,0.00431942
993,0.000176395
994,0.000969738
995,0.000352692
996,0.00193938
997,0.0121649
998,0.0215088
999,0.00299722
1000,0.00802177
1001,0.00943223
1002,0.00810985
1003,9.34289e-008
1004,0.00220383
1005,0.00123421
1006,0.000528991
1007,0.00520092
1008,0.000793451
1009,0.0055536
1010,9.34289e-008
1011,8.8243e-005
1012,0.00114605
1013,0.000264546
1014,0.00246832
1015,0.00220383
1016,0.00149866
1017,0.0010579
1018,0.000793439
1019,0.000264542
1020,9.34289e-008
1021,0.0103137
1022,0.00176308
1023,9.34289e-008
1024,0.00326167
1025,9.34289e-008
1026,0.000352697
1027,0.000176395
1028,0.00185123
1029,8.8243e-005
1030,0.000440848
1031,0.00220383
1032,0.00176308
1033,9.34289e-008
1034,0.0150737
1035,0.00132236
1036,0.024682
1037,0.000528991
1038,0.00916773
1039,0.00273273
1040,0.00202753
1041,8.82443e-005
1042,0.00273273
1043,0.00343792
1044,0.00537721
1045,0.0174539
1046,9.34289e-008
1047,0.0145449
1048,0.00326163
1049,0.00220386
1050,0.00255647
1051,0.00132234
1052,0.00846245
1053,0.0192168
1054,8.82443e-005
1055,0.000264542
1056,0.00132234
1057,0.00149866
1058,0.00264462
1059,9.34289e-008
1060,0.000881589
1061,0.000176392
1062,0.00176311
1063,0.00343794
1064,0.00255643
1065,0.000176392
1066,0.00158678
1067,0.00132236
1068,0.00678761
1069,0.00123421
1070,0.00158678
1071,0.00202756
1072,0.00581796
1073,9.34289e-008
1074,0.00696401
1075,8.82443e-005
1076,0.00193938
1077,0.00282092
1078,0.000528998
1079,0.00105789
1080,9.34289e-008
1081,0.00185126
1082,0.0010579
1083,0.00352613
1084,0.000528991
1085,0.0007053
1086,0.00238013
1087,0.0007053
1088,8.82443e-005
1089,0.00149864
1090,0.000528991
1091,0.00564166
1092,0.000440848
1093,0.000617149
1094,0.00149864
1095,0.00326167
1096,0.010578
1097,0.000440841
1098,8.8243e-005
1099,0.0007053
1100,9.34289e-008
1101,0.00149864
1102,0.00185126
1103,0.000969753
1104,8.8243e-005
1105,0.00246828
1106,0.00520092
1107,0.00414312
1108,0.000352692
1109,0.0107545
1110,9.34289e-008
1111,0.000176392
1112,0.00696391
1113,0.00775725
1114,0.00370243
1115,8.8243e-005
1116,0.00229202
1117,0.000969738
1118,0.00608247
1119,0.00740476
1120,0.000881589
1121,9.34289e-008
1122,0.00810991
1123,0.00502469
1124,9.34289e-008
1125,0.000881589
1126,8.8243e-005
1127,0.0253873
1128,9.34289e-008
1129,8.8243e-005
1130,0.00740465
1131,0.00211571
1132,0.00749291
1133,0.000440841
1134,8.8243e-005
1135,0.000176392
1136,0.000528991
1137,0.00907958
1138,0.00273277
1139,0.00167493
1140,0.0064351
1141,0.00617056
1142,0.00317352
1143,0.00149864
1144,0.00687586
1145,0.00396688
1146,0.000969753
1147,0.0091677
1148,0.00185123
1149,0.000617149
1150,0.00282088
1151,0.00502462
1152,8.8243e-005
1153,0.00361428
1154,0.0010579
1155,0.0122531
1156,0.00793367
1157,0.0074928
1158,0.00211568
1159,0.00802175
1160,0.00132234
1161,0.00290903
1162,0.000352697
1163,0.00141049
1164,9.34289e-008
1165,0.00273273
1166,0.00158678
1167,0.00229198
1168,9.34289e-008
1169,0.00132236
1170,8.82443e-005
1171,0.00193938
1172,0.00114604
1173,0.0108425
1174,0.00123419
1175,0.000264542
1176,0.00211568
1177,0.0148092
1178,0.0170131
1179,0.000617149
1180,8.8243e-005
1181,0.0175421
1182,0.00846257
1183,0.00352607
1184,0.000881589
1185,0.0137514
1186,0.000617149
1187,0.0157789
1188,0.000264542
1189,0.0007053
1190,8.82443e-005
1191,0.00185123
1192,0.000264546
1193,0.00440757
1194,0.000793451
1195,0.000969753
1196,0.00493647
1197,9.34289e-008
1198,0.0132225
1199,0.00246832
1200,0.000881602
1201,0.0007053
1202,0.00185126
1203,0.00114604
1204,0.0265333
1205,0.000264542
1206,0.000528991
1207,0.00238013
1208,0.00132236
1209,0.00149866
1210,9.34289e-008
1211,0.00149864
1212,0.00678761
1213,0.00996099
1214,0.00379058
1215,0.00299718
1216,0.000528991
1217,0.000440841
1218,0.0282082
1219,0.00070529
1220,0.000176392
1221,0.00916764
1222,0.00070529
1223,0.00141049
1224,0.000264546
1225,0.0153382
1226,0.00070529
1227,0.000264542
1228,0.00255643
1229,0.000617149
1230,0.00299722
1231,0.00158678
1232,0.00229202
1233,0.0087269
1234,0.00185126
1235,9.34289e-008
1236,0.00916764
1237,0.0007053
1238,8.82443e-005
1239,0.000176395
1240,0.0136633
1241,9.34289e-008
1242,0.00158681
1243,0.00132234
1244,0.00855071
1245,0.00229198
1246,0.00343798
1247,0.0150738
1248,0.00238013
1249,0.00969654
1250,0.00661141
1251,0.00229198
1252,0.00511284
1253,0.00158681
1254,0.0007053
1255,0.00282088
1256,0.00158678
1257,0.00511277
1258,0.0060825
1259,0.000881589
1260,0.00114604
1261,0.0218612
1262,0.00290903
1263,8.82443e-005
1264,0.000176395
1265,0.00264458
1266,0.00458387
1267,8.8243e-005
1268,0.00123421
1269,0.000617149
1270,0.00493654
1271,0.000528998
1272,0.0115478
1273,9.34289e-008
1274,0.000881589
1275,0.00334978
1276,9.34289e-008
1277,0.000793451
1278,0.000352692
1279,0.000440848
1280,0.00193941
1281,0.00758095
1282,0.000440848
1283,0.00220383
1284,0.000176395
1285,0.00264462
1286,0.00308533
1287,0.00476024
1288,0.018776
1289,0.000352692
1290,0.00352613
1291,9.34289e-008
1292,0.00731659
1293,0.00229202
1294,0.0139279
1295,0.00061714
1296,0.00855064
1297,0.00141051
1298,0.00220386
1299,8.8243e-005
1300,0.0074047
1301,0.000176395
1302,0.0134871
1303,0.00476024
1304,0.000264542
1305,9.34289e-008
1306,0.0139277
1307,0.000352692
1308,8.82443e-005
1309,0.000440841
1310,0.00229198
1311,0.0059062
1312,0.00141049
1313,0.0125174
1314,0.0010579
1315,9.34289e-008
1316,0.000176395
1317,0.00449572
1318,0.0171894
1319,0.000793451
1320,0.000881602
1321,0.000617149
1322,0.00114605
1323,0.00264462
1324,0.00167496
1325,9.34289e-008
1326,8.8243e-005
1327,0.00846245
1328,0.00564166
1329,0.0122529
1330,0.00149866
1331,0.00246828
1332,0.00343794
1333,0.00246828
1334,0.00114604
1335,0.000176392
1336,0.0103137
1337,0.019393
1338,0.00343792
1339,0.00149864
1340,0.00141049
1341,0.0166604
1342,0.0111069
1343,0.0122531
1344,0.0108426
1345,0.0116358
1346,0.000352692
1347,0.00678761
1348,0.000176392
1349,0.00290907
1350,0.000352692
1351,0.00661141
1352,0.00520092
1353,0.000969753
1354,0.000352697
1355,9.34289e-008
1356,0.00123421
1357,0.000264542
1358,0.00458394
1359,0.000264546
1360,0.0192168
1361,0.00537721
1362,0.00229202
1363,0.000176392
1364,0.000528998
1365,0.0221257
1366,0.0054654
1367,0.0010579
1368,0.00264462
1369,0.00458394
1370,0.000528998
1371,0.00669949
1372,0.00678771
1373,0.00167496
1374,0.0120766
1375,8.82443e-005
1376,9.34289e-008
1377,0.00326163
1378,0.00581796
1379,0.00326163
1380,0.000264542
1381,0.00176311
1382,0.000264542
1383,0.0104017
1384,0.000352697
1385,0.00211568
1386,0.00114604
1387,0.00123421
1388,9.34289e-008
1389,0.0220376
1390,0.000793439
1391,0.00449576
1392,0.00141051
1393,0.00193938
1394,8.8243e-005
1395,0.0108425
1396,9.34289e-008
1397,0.00590611
1398,0.00493647
1399,0.000881589
1400,0.00520092
1401,0.0108425
1402,9.34289e-008
1403,0.0130464
1404,0.00379052
1405,0.01525
1406,0.0143687
1407,9.34289e-008
1408,0.000352697
1409,0.00220386
1410,0.00114604
1411,0.000352692
1412,9.34289e-008
1413,0.000264542
1414,0.0119004
1415,0.000352692
1416,0.00282092
1417,0.0089033
1418,0.0128699
1419,0.000440848
1420,0.00528907
1421,8.82443e-005
1422,0.000264542
1423,0.0131345
1424,0.0010579
1425,0.0242413
1426,0.00722846
1427,0.0151618
1428,0.000969738
1429,0.000352692
1430,0.0174538
1431,8.8243e-005
1432,0.000881602
1433,0.00229198
1434,0.00449579
1435,0.0139278
1436,0.000793439
1437,0.0254755
1438,8.8243e-005
1439,0.0074928
1440,0.00414312
1441,0.00687576
1442,0.000264542
1443,0.0128699
1444,0.000793439
1445,0.00334983
1446,0.00105789
1447,0.00132236
1448,0.0158672
1449,9.34289e-008
1450,0.0156027
1451,0.00520092
1452,0.0007053
1453,0.00943218
1454,0.00273277
1455,8.8243e-005
1456,0.0129583
1457,0.000264542
1458,0.00423127
1459,0.000528998
1460,0.00361422
1461,0.000176392
1462,0.000352697
1463,0.00687576
1464,0.00511277
1465,9.34289e-008
1466,0.000440841
1467,0.00731661
1468,0.00511284
1469,9.34289e-008
1470,0.00299722
1471,9.34289e-008
1472,0.000264542
1473,0.000176395
1474,0.000352692
1475,9.34289e-008
1476,0.000176395
1477,0.00114604
1478,9.34289e-008
1479,0.00167493
1480,0.000881602
1481,9.34289e-008
1482,0.00061714
1483,0.00881518
1484,0.000264546
1485,0.000176392
1486,0.000176392
1487,0.00246832
1488,0.000176392
1489,0.00476024
1490,0.00502462
1491,0.00193941
1492,8.8243e-005
1493,8.8243e-005
1494,8.82443e-005
1495,0.00132234
1496,0.00872703
1497,0.00185126
1498,0.000440841
1499,0.000705296
1500,0.00220386
1501,0.0007053
1502,0.000176392
1503,0.00238013
1504,0.00493647
1505,0.00167493
1506,0.0194814
1507,9.34289e-008
1508,0.00308537
1509,0.000528998
1510,0.00220383
1511,0.00141051
1512,0.00246828
1513,0.0088151
1514,0.00211568
1515,0.000264546
1516,0.000352692
1517,9.34289e-008
1518,0.00493654
1519,0.00678771
1520,8.8243e-005
1521,0.00546536
1522,0.00061714
1523,0.00405503
1524,0.000176395
1525,0.0197458
1526,0.000881602
1527,0.00176308
1528,0.00185123
1529,0.00132234
1530,0.00387867
1531,0.000881589
1532,0.00264458
1533,0.00211568
1534,9.34289e-008
1535,0.00326163
1536,0.000793439
1537,0.00334983
1538,0.00185123
1539,0.00996114
1540,0.00238017
1541,9.34289e-008
1542,0.00370243
1543,0.00158678
1544,0.00467205
1545,9.34289e-008
1546,0.00511277
1547,0.00652316
1548,9.34289e-008
1549,0.00625871
1550,0.00925593
1551,0.0132226
1552,0.000352697
1553,0.000352697
1554,0.000528991
1555,0.00105789
1556,0.00264458
1557,0.00061714
1558,8.82443e-005
1559,0.0163079
1560,0.000176395
1561,0.00220383
1562,0.000176392
1563,0.00678771
1564,0.00564175
1565,0.00484839
1566,0.000528991
1567,0.00299718
1568,0.000793439
1569,0.000793451
1570,0.0007053
1571,9.34289e-008
1572,0.00193941
1573,0.00158678
1574,0.000352697
1575,0.00141051
1576,0.00123419
1577,9.34289e-008
1578,0.00661131
1579,0.000176392
1580,0.00149866
1581,8.82443e-005
1582,9.34289e-008
1583,0.000969738
1584,0.00520092
1585,0.000264542
1586,9.34289e-008
1587,0.000881589
1588,0.000881602
1589,0.000528998
1590,0.0060825
1591,0.00061714
1592,0.00061714
1593,0.00273277
1594,0.000617149
1595,0.000352692
1596,0.000264542
1597,0.000176395
1598,0.00123419
1599,0.00370237
1600,0.00141051
1601,0.0200102
1602,0.00229198
1603,0.00202753
1604,0.0121648
1605,9.34289e-008
1606,9.34289e-008
1607,0.00149866
1608,0.000440848
1609,0.00220386
1610,0.000969753
1611,0.000352692
1612,0.00608241
1613,0.00167493
1614,9.34289e-008
1615,9.34289e-008
1616,0.0010579
1617,0.00176308
1618,0.00132234
1619,0.00969669
1620,0.00405497
1621,0.00167496
1622,0.00264462
1623,0.00176308
1624,0.00608241
1625,8.8243e-005
1626,0.0010579
1627,0.000881589
1628,8.82443e-005
1629,0.000793439
1630,9.34289e-008
1631,0.0010579
1632,0.00881518
1633,0.00749285
1634,0.0007053
1635,0.00114604
1636,0.00423133
1637,0.00158678
1638,0.0130464
1639,0.00220383
1640,0.00141051
1641,0.000528991
1642,0.000176392
1643,0.00361422
1644,9.34289e-008
1645,0.00185126
1646,0.00414312
1647,0.00617056
1648,0.000528991
1649,8.82443e-005
1650,0.00246828
1651,0.000881589
1652,0.000969738
1653,0.0183353
1654,0.00273273
1655,0.000176392
1656,0.00255643
1657,0.000528998
1658,0.00211568
1659,0.00114605
1660,0.000440841
1661,0.00273273
1662,0.0007053
1663,0.00114604
1664,0.00599426
1665,0.0137515
1666,0.0242414
1667,0.00167496
1668,0.0057299
1669,0.00546538
1670,0.0134872
1671,0.00978469
1672,0.00317348
1673,0.00572981
1674,0.0133107
1675,0.00308533
1676,0.00943215
1677,0.00176311
1678,0.0122531
1679,9.34289e-008
1680,0.000352697
1681,0.00149864
1682,0.000793451
1683,0.00476017
1684,0.0229191
1685,0.0114597
1686,0.000264542
1687,8.8243e-005
1688,0.000793451
1689,0.000176395
1690,0.000352697
1691,0.00440764
1692,0.00687576
1693,0.00061714
1694,0.00387867
1695,0.00123419
1696,0.00669956
1697,0.000264542
1698,0.00493647
1699,0.000528991
1700,0.00193941
1701,0.00528907
1702,0.00581801
1703,0.00238017
1704,0.00229198
1705,9.34289e-008
1706,9.34289e-008
1707,0.00246832
1708,0.00599435
1709,0.00193941
1710,0.000881589
1711,0.000881602
1712,0.000176395
1713,0.00978469
1714,0.000969753
1715,0.00326167
1716,0.00361422
1717,0.000440841
1718,0.0010579
1719,0.00511281
1720,0.00722835
1721,0.0033498
1722,0.00176308
1723,9.34289e-008
1724,0.000440841
1725,0.000440848
1726,0.00132236
1727,8.8243e-005
1728,0.0064351
1729,0.00264462
1730,0.00061714
1731,0.000528998
1732,0.00572981
1733,0.00749291
1734,9.34289e-008
1735,8.8243e-005
1736,0.000528991
1737,0.00343792
1738,9.34289e-008
1739,0.00352607
1740,0.00238013
1741,0.000176395
1742,0.0078454
1743,0.00114604
1744,0.00493647
1745,8.8243e-005
1746,0.00396688
1747,0.00793367
1748,0.0221257
1749,0.000352692
1750,0.000881589
1751,0.00343792
1752,0.0250347
1753,0.00114604
1754,0.000793439
1755,0.00141051
1756,0.0131346
1757,0.00185123
1758,0.00114605
1759,0.00202753
1760,0.00264458
1761,8.82443e-005
1762,0.00387873
1763,0.00299722
1764,0.00185123
1765,9.34289e-008
1766,0.00449577
1767,9.34289e-008
1768,0.000617149
1769,0.000440841
1770,8.8243e-005
1771,0.00326163
1772,0.000528991
1773,0.00176311
1774,0.000352697
1775,0.00899135
1776,0.0010579
1777,0.00714031
1778,0.00476024
1779,0.000528998
1780,0.0070521
1781,0.0225665
1782,0.00273273
1783,9.34289e-008
1784,0.000528991
1785,0.00255643
1786,0.000176395
1787,0.00167493
1788,0.0033498
1789,0.0057299
1790,0.00061714
1791,0.000176392
1792,0.000528991
1793,0.00855072
1794,0.00141049
1795,0.00141049
1796,8.8243e-005
1797,0.00114604
1798,0.00070529
1799,0.00132234
1800,0.00149864
1801,0.00493647
1802,0.00872703
1803,9.34289e-008
1804,0.00740476
1805,9.34289e-008
1806,0.00167496
1807,0.0175421
1808,0.0216851
1809,0.000264542
1810,0.00652316
1811,0.00828615
1812,0.00158678
1813,0.00396688
1814,0.00202753
1815,0.000440848
1816,8.8243e-005
1817,0.000969738
1818,0.00925593
1819,0.00352607
1820,0.000969753
1821,0.0157789
1822,8.82443e-005
1823,0.00370243
1824,0.00528914
1825,9.34289e-008
1826,0.000352697
1827,0.00290903
1828,0.000176395
1829,0.000352692
1830,0.00361428
1831,0.000969738
1832,0.0135753
1833,0.00458387
1834,0.00493647
1835,0.00123421
1836,0.00149864
1837,0.00581796
1838,0.00185123
1839,0.000528998
1840,9.34289e-008
1841,0.000528991
1842,0.00141049
1843,0.000176392
1844,0.00308537
1845,0.0146329
1846,0.000528991
1847,0.000528998
1848,9.34289e-008
1849,0.00176311
1850,0.00141051
1851,0.0010579
1852,0.00969654
1853,0.00810997
1854,0.00070529
1855,9.34289e-008
1856,0.00070529
1857,0.00238013
1858,8.8243e-005
1859,0.00617065
1860,0.00352607
1861,0.00379052
1862,0.000969738
1863,0.000528991
1864,0.00775737
1865,0.0010579
1866,0.00326167
1867,0.00158678
1868,0.00246832
1869,0.00828627
1870,0.000969738
1871,0.00202753
1872,0.0290896
1873,0.00141049
1874,0.0178946
1875,0.00282088
1876,8.8243e-005
1877,0.00405497
1878,0.00123421
1879,0.00731661
1880,0.00246828
1881,9.34289e-008
1882,0.000440841
1883,0.00149864
1884,0.00343792
1885,0.00467202
1886,0.000881602
1887,0.00132236
