col_0,col_1,lbl
150,301.107,0
145.094,297,0
158.671,298.054,0
145.461,302.136,0
153.605,291.985,0
155.389,299.675,0
159.141,286.282,0
136.706,296.239,0
144.762,313.275,0
151.918,290.339,0
57.6827,396.068,1
37.6257,392.26,1
43.1699,399.684,1
56.7583,403.996,1
48.6855,397.395,1
59.1649,401.833,1
56.4601,396.792,1
45.6935,405.373,1
50.2409,398.611,1
49.2278,398.156,1
252.479,211.863,2
194.508,225.7,2
162.633,184.784,2
189.365,229.034,2
101.423,217.448,2
189.176,202.45,2
213.135,179.064,2
232.45,195.767,2
283.248,192.833,2
159.916,217.741,2
229.702,217.157,2
175.684,185.499,2
206.232,176.04,2
152.094,229.27,2
232.301,209.155,2
141.449,233.234,2
263.876,235.832,2
174.792,173.196,2
255.478,212.362,2
155.058,186.517,2
194.229,176.284,2
226.144,202.867,2
201.727,175.712,2
243.136,231.421,2
161.9,213.915,2
314.121,264.66,2
283.531,197.539,2
259.084,150.452,2
259.704,203.132,2
271.405,164.081,2
202.518,223.278,2
165.334,161.287,2
130.849,168.604,2
144.187,201.835,2
217.7,190.687,2
192.161,208.381,2
223.937,206.034,2
218.682,202.86,2
250.549,201.998,2
88.2412,165.516,2
136.75,193.163,2
232.491,204.021,2
157.347,204.677,2
213.748,164.071,2
213.246,182.84,2
263.395,197.723,2
227.211,200.715,2
212.411,214.094,2
113.509,219.97,2
196.275,159.31,2
88.437,209.643,2
222.328,233.776,2
220.611,192.516,2
81.8486,197.973,2
137.71,244.161,2
217.935,194.303,2
214.221,183.663,2
263.79,189.044,2
108.485,191.282,2
256.162,219.395,2
204.024,192.52,2
142.63,167.016,2
268.025,204.228,2
229.969,212.559,2
185.996,209.63,2
205.134,199.358,2
219.9,188.767,2
179.121,165.82,2
292.528,138.952,2
166.223,193.031,2
295.421,207.573,2
211.078,187.051,2
247.281,173.816,2
233.119,212.933,2
85.9051,253.685,2
236.413,261.116,2
266.333,208.562,2
176.683,200.063,2
165.061,186.255,2
201.922,203.786,2
223.496,196.573,2
204.416,206.799,2
240.503,193.934,2
154.581,171.521,2
191.666,208.267,2
155.975,197.413,2
196.755,156.49,2
257.176,191.205,2
259.667,194.278,2
193.495,213.322,2
263.185,207.523,2
248.528,185.214,2
213.166,191.65,2
203.002,225.411,2
184.051,214.013,2
161.704,223.8,2
277.462,123.273,2
165.523,223.334,2
293.714,162.716,2
258.349,200.795,2
208.261,183.525,2
167.481,225.455,2
205.704,178.263,2
146.927,180.038,2
258.819,231.392,2
344.124,207.316,2
191.097,170.599,2
149.588,230.599,2
140.224,188.85,2
283.242,203.747,2
238.609,180.613,2
261.033,208.558,2
104.434,212.077,2
203.405,193.005,2
245.928,199.612,2
132.747,214.601,2
138.981,191.661,2
254.76,201.577,2
172.992,194.191,2
194.972,229.584,2
176.318,226.624,2
196.267,203.681,2
170.112,211.203,2
321.866,207.48,2
119.113,195.543,2
201.656,178.234,2
277.934,183.586,2
126.509,180.999,2
243.172,153.889,2
202.197,240.251,2
159.018,184.734,2
210.837,209.628,2
198.881,188.191,2
188.739,227.806,2
199.999,217.179,2
284.864,210.808,2
246.046,191.349,2
234.356,162.486,2
284.049,222.242,2
207.51,220.228,2
160.805,199.81,2
279.218,224.101,2
136.091,191.129,2
224.037,217.931,2
264.664,178.192,2
153.107,239.208,2
192.339,215.248,2
174.21,205.293,2
198.507,256.944,2
184.641,219.813,2
176.898,181.495,2
194.657,191.642,2
230.864,173.7,2
308.527,206.215,2
193.573,168.837,2
172.313,176.406,2
190.607,275.784,2
225.894,160.78,2
255.391,192.003,2
171.719,194.479,2
160.975,172.181,2
109.19,232.35,2
186.387,196.972,2
225.084,212.36,2
153.241,223.805,2
209.085,200.713,2
77.6455,220.692,2
221.172,216.289,2
173.578,157.423,2
231.714,222.256,2
117.174,220.025,2
150.068,205,2
289.389,221.131,2
111.791,176.741,2
208.412,181.036,2
251.873,203.897,2
236.819,218.449,2
311.317,187.061,2
185.222,243.329,2
206.664,184.033,2
193.959,216.49,2
142.991,190.078,2
176.426,203.437,2
168.08,193.088,2
179.844,207.801,2
225.722,227.871,2
185.907,232.009,2
201.951,195.451,2
149.434,198.422,2
235.337,236.757,2
240.889,247.627,2
233.835,203.343,2
164.646,206.478,2
177.377,204.761,2
106.467,231.953,2
216.304,194.728,2
143.96,219.952,2
152.175,208.907,2
179.724,199.109,2
175.61,220.121,2
216.396,174.344,2
184.587,176.78,2
218.133,234.544,2
217.764,181.832,2
224.785,195.139,2
236.308,214.18,2
115.981,190.513,2
201.792,195.565,2
313.141,170.063,2
152.317,225.751,2
284.048,185.422,2
173.276,233.945,2
180.422,148.513,2
242.271,175.365,2
236.643,221.645,2
161.735,173.561,2
227.74,164.935,2
94.9209,220.531,2
159.447,179.112,2
278.404,179.679,2
294.996,191.198,2
152.859,215.133,2
229.352,195.042,2
145.413,194.511,2
228.962,168.455,2
239.394,233.04,2
183.335,229.958,2
203.14,188.622,2
136.758,215.703,2
190.63,192.84,2
111.659,187.553,2
85.8195,184.242,2
124.363,178.791,2
151.044,144.879,2
251.502,198.528,2
279.06,180.584,2
259.136,181.306,2
252.458,219.365,2
261.382,214.391,2
225.609,141.752,2
258.242,219.759,2
169.318,182.179,2
176.758,196.336,2
255.481,179.928,2
195.328,193.39,2
197.853,216.098,2
235.564,171.728,2
154.5,195.255,2
213.512,244.944,2
206.124,186.978,2
262.893,219.144,2
197.829,191.381,2
267.653,216.09,2
221.291,187.91,2
183.145,219.784,2
180.516,220.191,2
147.924,149.755,2
211.959,222.991,2
206.513,250.157,2
215.001,169.092,2
177.667,172.997,2
72.9566,208.348,2
146.81,222.32,2
198.373,197.044,2
151.222,166.357,2
297.212,175.942,2
146.937,200.518,2
256.733,227.999,2
229.416,184.09,2
193.055,199.572,2
196.29,234.984,2
148.863,195.693,2
242.038,202.165,2
181.176,164.872,2
219.429,188.613,2
138.008,207.617,2
136.107,195.812,2
197.799,218.263,2
132.738,213.671,2
184.85,249.512,2
221.393,189.764,2
234.7,209.404,2
181.394,264.793,2
248.245,158.636,2
267.177,249.675,2
238.749,195.729,2
135.756,224.255,2
220.229,210.371,2
258.982,156.569,2
223.252,214.249,2
241.227,220.23,2
162.073,212.427,2
179.144,179.273,2
185.438,193.242,2
129.459,179.116,2
148.624,205.902,2
240.763,246.916,2
164.55,164.412,2
161.927,215.162,2
180.153,164.853,2
174.892,221.004,2
150.791,261.136,2
246.626,207.657,2
148.259,242.027,2
166.339,198.67,2
166.326,226.911,2
262.51,160.216,2
240.254,168.165,2
198.043,195.803,2
131.413,178.552,2
171.686,220.317,2
173.298,223.419,2
178.757,182.562,2
222.725,170.051,2
269.76,220.695,2
171.006,233.59,2
211.275,201.695,2
163.116,220.245,2
227.981,202.849,2
186.194,255.946,2
277.139,188.145,2
124.091,202.802,2
236.28,232.665,2
212.017,199.538,2
219.4,221.023,2
284.278,139,2
211.574,252.574,2
173.462,169.851,2
284.961,232.568,2
283.139,175.879,2
230.633,203.05,2
257.066,165.258,2
181.05,174.034,2
189.45,207.376,2
278.64,224.446,2
193.6,144.212,2
187.077,199.36,2
207.55,170.302,2
220.441,194.916,2
273.869,199.934,2
155.524,176.478,2
218.867,191.85,2
148.214,177.715,2
155.637,198.493,2
161.845,167.264,2
164.866,208.841,2
242.279,182.729,2
216.091,201.193,2
223.058,220.778,2
259.241,220.083,2
193.056,216.764,2
186.461,216.683,2
133.849,251.284,2
293.7,240.385,2
202.483,236.146,2
162.655,213.661,2
154.868,207.796,2
365.514,179.763,2
316.033,236.25,2
196.839,212.272,2
164.38,214.926,2
160.996,216.398,2
263.264,183.719,2
196.839,209.862,2
214.814,206.968,2
203.446,166.353,2
217.745,194.758,2
236.843,207.453,2
149.164,228.503,2
163.853,223.333,2
311.207,227.356,2
267.93,204.725,2
180.586,176.635,2
171.585,195.087,2
217.26,206.112,2
233.299,192.122,2
189.449,190.374,2
226.428,152.491,2
202.069,172.634,2
176.388,207.939,2
215.542,188.866,2
236.611,219.825,2
162.746,204.22,2
214.673,200.927,2
169.462,176.795,2
200.668,184.888,2
218.881,205.981,2
267.116,192.41,2
198.057,170.833,2
223.361,214.634,2
174.104,189.726,2
313.142,190.431,2
231.679,194.41,2
271.365,161.794,2
157.293,208.355,2
104.05,246.679,2
205.566,211.106,2
238.021,220.921,2
279.196,203.238,2
192.751,206.041,2
242.062,182.565,2
65.4862,209.548,2
251.643,195.681,2
177.858,133.641,2
345.289,232.407,2
159.215,208.948,2
167.244,152.421,2
147.067,232.067,2
195.747,188.61,2
235.68,182.741,2
236.586,176.556,2
128.232,221.091,2
228.584,215.229,2
176.554,234.145,2
248.341,245.422,2
192.96,197.627,2
163.91,189.656,2
217.419,201.544,2
240.196,176.064,2
200.484,219.925,2
219.326,187.372,2
92.5592,199.984,2
158.746,188.585,2
109.672,187.422,2
157.303,203.014,2
158.654,165.655,2
178.34,183.68,2
218.237,206.577,2
214.769,231.181,2
90.8824,266.395,2
228.018,155.163,2
201.247,210.755,2
247.291,184.1,2
164.159,208.117,2
143.896,192.457,2
293.533,154.204,2
255.323,234.841,2
194.745,188.838,2
188.124,245.003,2
180.551,226.552,2
208.104,136.049,2
270.575,130.558,2
108.687,196.261,2
237.362,192.573,2
215.473,198.489,2
198.255,206.879,2
201.963,214.106,2
257.266,223.294,2
226.887,188.77,2
192.876,223.838,2
133.841,221.702,2
205.496,195.636,2
210.809,217.183,2
117.896,208.018,2
178.316,153.978,2
198.731,200.172,2
162.512,249.894,2
146.695,243.854,2
120.761,224.938,2
209.312,223.306,2
197.698,205.771,2
269.51,185.924,2
242.78,208.141,2
238.278,181.1,2
186.152,211.971,2
151.155,234.536,2
248.447,254.419,2
218.264,210.534,2
270.335,212.723,2
64.5618,183.853,2
236.777,177.954,2
250.161,216.726,2
253.765,179.022,2
113.874,211.191,2
264.305,195.204,2
176.295,174.998,2
186.264,224.363,2
159.247,203.705,2
215.812,222.522,2
242.484,212.321,2
219.11,201.463,2
179.2,189.274,2
234.168,182.861,2
248.723,243.156,2
194.231,215.697,2
227.07,200.398,2
275.453,192.159,2
212.781,143.632,2
204.018,224.749,2
143.946,205.151,2
165.32,191.849,2
213.869,212.756,2
214.752,246.591,2
302.311,237.968,2
151.754,230.641,2
205.653,215.36,2
84.7087,214.942,2
188.586,184.469,2
179.973,231.872,2
227.085,234.029,2
125.197,166.817,2
189.272,199.748,2
283.71,258.174,2
164.134,189.9,2
176.989,167.221,2
118.556,195.338,2
211.369,167.37,2
186.231,188.165,2
245.632,183.016,2
157.43,200.815,2
210.011,170.714,2
187.244,196.9,2
209.307,222.639,2
216.072,217.048,2
118.379,193.261,2
234.641,184.419,2
58.515,191.701,2
166.695,211.259,2
351.579,188.031,2
250.818,164.985,2
230.619,246.611,2
338.081,151.494,2
171.058,251.164,2
158.696,228.368,2
239.11,254.901,2
182.31,184.307,2
143.538,188.792,2
231.937,171.652,2
135.161,198.821,2
247.52,168.888,2
242.861,214.374,2
171.128,171.555,2
190.822,181.698,2
222.517,169.559,2
191.33,187.923,2
263.069,186.347,2
186.299,155.375,2
257.551,212.697,2
159.742,205.118,2
252.548,213.683,2
49.899,201.228,2
117.46,219.844,2
163.807,229.337,2
118.315,214.257,2
139.487,179.311,2
228.455,251.059,2
228.933,204.824,2
201.748,186.763,2
283.061,192.665,2
214.009,167.342,2
241.173,195.495,2
173.27,143.324,2
199.357,165.102,2
239.854,203.733,2
175.134,235.626,2
250.885,248.208,2
258.473,228.314,2
223.033,217.811,2
202.509,172.554,2
74.014,206.404,2
283.915,206.147,2
248.316,196.955,2
180.205,214.406,2
213.651,193.856,2
201.393,201.747,2
223.595,187.386,2
167.109,215.313,2
173.975,203.315,2
160.157,241.116,2
193.673,177.767,2
161.827,192.166,2
183.483,182.17,2
295.306,213.875,2
234.171,211.002,2
206.593,201.115,2
278.502,190.991,2
179.35,237.255,2
205.743,204.645,2
197.878,227.633,2
190.279,219.905,2
200.516,225.959,2
234.139,217.458,2
99.1242,198.559,2
115.241,237.024,2
230.923,257.124,2
240.177,173.204,2
224.661,197.867,2
198.143,180.288,2
243.819,226.524,2
190.371,180.309,2
262.352,243.464,2
199.609,186.905,2
205.157,199.636,2
259.68,235.924,2
238.127,191.51,2
146.098,202.829,2
244.11,239.296,2
238.74,191.498,2
177.435,178.166,2
224.018,159.987,2
210.949,200.582,2
125.455,181.185,2
255.368,189.477,2
201.655,166.647,2
180.088,224.569,2
167.024,234.352,2
177.535,247.033,2
110.074,215.661,2
240.35,188.26,2
194.081,186.997,2
255.451,174.437,2
190.419,186.323,2
180.774,205.547,2
94.0287,236.489,2
138.738,171.265,2
104.802,176.264,2
144.24,220.925,2
204.165,209.814,2
181.462,181.179,2
186.681,193.992,2
222.683,147.142,2
179.327,252.534,2
182.083,216.055,2
226.117,222.844,2
275.142,219.555,2
182.449,205.918,2
129.713,164.962,2
210.639,201.987,2
178.699,234.43,2
277.153,212.45,2
248.067,189.64,2
68.3555,204.107,2
175.393,197.127,2
170.4,242.851,2
241.484,197.849,2
165.028,177.365,2
251.028,190.52,2
236.66,170.658,2
255.764,193.924,2
254.857,188.667,2
158.774,221.695,2
233.312,206.046,2
236.132,189.156,2
236.107,171.37,2
225.593,218.643,2
187.65,234.691,2
240.832,222.718,2
224.707,202.753,2
155.78,171.797,2
254.856,206.456,2
199.61,207.609,2
214.669,153.748,2
212.243,196.821,2
103.816,188.398,2
209.182,208.528,2
279.537,196.136,2
130.547,270.25,2
230.203,227.354,2
207.025,199.125,2
259.199,196.612,2
186.746,172.082,2
205.741,181.322,2
176.273,221.811,2
156.357,169.169,2
182.095,241.757,2
162.9,212.995,2
86.3259,214.683,2
234.191,192.411,2
285.18,199.297,2
180.747,201.193,2
265.028,245.741,2
199.985,155.762,2
233.274,204.327,2
254.629,218.123,2
294.096,192.843,2
247.673,203.276,2
232.23,193.125,2
163.78,182.12,2
129.976,217.046,2
161.704,213.21,2
223.215,188.695,2
143.74,212.805,2
168.49,204.899,2
302.537,220.849,2
250.911,205.578,2
178.948,166.078,2
106.022,242.276,2
141.318,194.958,2
118.934,227.907,2
238.044,232.537,2
222.146,217.861,2
184.68,258.246,2
240.226,191.937,2
284.491,236.456,2
213.911,193.974,2
201.875,186.08,2
266.079,235.952,2
214.504,205.963,2
160.643,206.295,2
161.783,217.241,2
199.296,136.198,2
256.445,156.152,2
114.642,237.406,2
181.511,217.552,2
233.446,193.108,2
281.583,204.747,2
190.019,181.238,2
151.908,244.129,2
170.357,256.45,2
198.906,230.865,2
205.534,204.925,2
204.879,165.295,2
238.43,154.709,2
178.999,210.465,2
180.637,210.012,2
133.173,224.933,2
274.54,214.994,2
196.485,193.96,2
205.477,187.72,2
185.274,211.88,2
197.67,208.956,2
210.059,192.883,2
252.078,210.732,2
145.765,205.42,2
198.191,196.556,2
191.139,132.428,2
178.588,244.535,2
194.763,239.061,2
159.228,174.552,2
163.851,194.723,2
222.175,152.987,2
201.987,224.11,2
87.7184,199.941,2
318.441,186.086,2
162.373,189.389,2
230.621,215.201,2
178.395,176.401,2
291.29,140.394,2
147.517,197.516,2
183.069,200.015,2
179.05,218.44,2
215.274,195.126,2
238.145,153.547,2
183.979,201.965,2
160.252,213.117,2
257.769,236.79,2
199.22,185.529,2
184.105,212.854,2
224.355,177.238,2
211.59,125.722,2
173.875,155.011,2
256.159,210.309,2
226.676,208.504,2
236.666,207.775,2
158.366,214.2,2
269.234,162.608,2
96.4712,169.871,2
144.639,210.836,2
243.798,232.264,2
167.565,195.745,2
194.173,200.798,2
173.098,220.098,2
184.668,235.467,2
160.452,183.674,2
255.196,195.833,2
144.503,199.356,2
226.186,145.303,2
207.478,177.015,2
204.329,210.423,2
193.075,199.722,2
175.451,195.609,2
167.395,161.917,2
293.735,227.981,2
263.458,195.247,2
183.023,205.686,2
262.873,191.601,2
242.912,202.718,2
219.301,162.856,2
150.097,200.847,2
176.429,214.235,2
209.505,199.295,2
211.701,224.474,2
200.086,230.963,2
77.7699,229.612,2
174.417,154.863,2
187.457,172.334,2
124.239,214.925,2
146.567,199.981,2
240.583,221.921,2
197.814,206.291,2
220.772,194.219,2
211.579,211.226,2
210.826,240.396,2
265.272,184.824,2
194.278,211.893,2
157.217,164.185,2
287.687,204.017,2
178.472,221.165,2
161.735,186.488,2
259.451,211.243,2
182.319,197.328,2
150.342,163.992,2
225.329,192.218,2
297.867,221.952,2
255.093,211.095,2
156.942,224.23,2
225.704,213.626,2
198.85,184.371,2
218.609,216.735,2
149.693,186.217,2
214.799,177.26,2
215.811,206.258,2
176.708,235.554,2
241.374,205.915,2
183.286,176.805,2
256.863,187.564,2
282.817,184.474,2
250.766,191.906,2
212.964,201.528,2
258.525,238.598,2
213.534,160.185,2
159.93,221.695,2
228.918,205.505,2
163.233,226.47,2
214.721,207.811,2
251.906,166.858,2
171.599,201.045,2
179.345,219.966,2
176.133,241.487,2
147.056,179.508,2
213.345,156.638,2
241.283,258.836,2
159.388,170.085,2
220.722,200.33,2
261.216,203.118,2
186.862,215.316,2
279.633,182.092,2
172.716,202.529,2
206.299,207.463,2
236.832,212.607,2
167.196,200.781,2
170.755,199.565,2
138.16,212.903,2
153.985,200.558,2
239.315,210.62,2
237.175,196.827,2
188.351,223.762,2
224.026,234.685,2
195.608,179.069,2
107.186,234.804,2
84.8574,162.185,2
227.646,224.593,2
250.145,221.628,2
154.591,211.531,2
135.329,230.757,2
289.895,191.144,2
189.866,234.548,2
162.708,238.533,2
100.46,200.476,2
154.565,176.949,2
146.657,163.121,2
190.902,192.546,2
153.349,226.248,2
152.331,175.408,2
162.712,204.198,2
307.57,199.415,2
221.747,209.255,2
177.34,213.483,2
78.0305,200.871,2
237.606,210.771,2
192.295,215.08,2
198.864,228.112,2
208.447,171.871,2
193.775,193.306,2
228.762,170.147,2
222.757,239.702,2
311.348,182.529,2
185.265,217.146,2
179.102,198.115,2
204.424,215.784,2
136.613,192.167,2
249.956,164.062,2
246.77,222.35,2
197.234,210.66,2
193.408,198.569,2
184.517,190.059,2
120.768,205.195,2
178.071,231.284,2
239.668,204.381,2
198.041,176.286,2
203.059,195.659,2
186.154,223.027,2
237.913,190.2,2
219.84,221.811,2
174.744,162.965,2
197.721,188.002,2
205.228,190.147,2
201.668,186.601,2
303.585,176.354,2
265.333,221.878,2
151.144,228.923,2
170.704,232.656,2
268.04,233.677,2
173.352,181.884,2
165.534,161.98,2
199.192,193.319,2
218.971,175.62,2
194.466,162.815,2
234.172,215.405,2
99.8803,247.977,2
162.172,197.798,2
242.807,219.534,2
253.247,196.25,2
203.116,194.058,2
189.953,179.475,2
276.061,198.65,2
148.016,189.412,2
171.816,208.14,2
160.071,182.159,2
202.047,176.84,2
259.766,224.437,2
207.939,193.089,2
217.362,223.855,2
225.647,165.838,2
189.81,205.227,2
213.637,193.548,2
142.96,186.307,2
232.036,194.068,2
291.374,194.012,2
98.2789,211.911,2
262.832,221.705,2
186.372,176.834,2
75.5186,206.292,2
207.468,203.481,2
209.009,227.774,2
288.584,238.29,2
188.048,198.253,2
230.915,144.659,2
233.536,213.366,2
194.869,195.066,2
197.03,271.472,2
222.766,197.083,2
217.695,202.976,2
329.142,185.42,2
253.122,129.516,2
164.426,212.09,2
172.773,164.371,2
260.964,204.268,2
149.53,229.267,2
165.464,180.831,2
221.013,177.714,2
207.449,248.555,2
261.55,207.332,2
265.151,195.517,2
144.041,251.546,2
202.672,207.109,2
140.51,173.321,2
174.823,247.703,2
84.8164,220.916,2
185.67,160.08,2
211.325,228.852,2
193.687,196.387,2
203.097,183.346,2
262.028,172.303,2
119.061,182.898,2
273.18,229.367,2
274.725,212.482,2
210.751,218.526,2
159.3,220.255,2
209.977,247.493,2
194.307,208.992,2
233.153,180.466,2
260.991,177.996,2
166.979,152.845,2
201.238,195.017,2
241.525,219.521,2
204.747,186.956,2
191.967,207.944,2
241.94,233.842,2
250.735,178.125,2
255.22,238.257,2
242.589,176.318,2
153.638,189.072,2
217.609,205.025,2
213.461,175.06,2
209.109,196.585,2
235.264,181.172,2
233.427,180.478,2
218.817,162.424,2
226.635,160.23,2
205.758,183.868,2
185.438,167.578,2
227.023,232.039,2
172.295,201.625,2
208.893,218.153,2
180.294,183.084,2
217.138,219.679,2
225.232,192.644,2
132.659,221.719,2
259.063,188.214,2
6.03642,-12.5786,3
34.4246,8.59852,3
49.8509,89.2002,3
45.7455,137.201,3
-1.64087,86.4275,3
0.51792,36.7505,3
71.0463,-1.72012,3
97.1094,9.03084,3
13.3764,32.6194,3
56.7269,101.92,3
83.3682,16.2105,3
10.1979,26.9371,3
58.3343,37.3847,3
44.3498,26.3265,3
11.4585,49.8476,3
69.8982,0.991681,3
126.168,86.3922,3
70.3451,108.898,3
38.8224,70.7984,3
86.0312,66.9848,3
54.8533,-12.6479,3
55.5085,143.222,3
75.1571,-22.0212,3
23.0228,77.2274,3
8.23881,71.7833,3
46.9033,11.2282,3
63.8224,2.83752,3
101.381,144.618,3
52.6377,83.8145,3
59.4939,94.241,3
51.9275,53.3284,3
53.9546,-0.667989,3
76.6113,101.944,3
91.4853,49.3975,3
54.6245,-30.6318,3
53.5097,-5.77431,3
75.6085,17.5996,3
32.0547,49.5321,3
49.9,75.1914,3
64.4246,81.7076,3
32.6784,76.3507,3
61.324,9.27317,3
13.2616,18.1863,3
53.0716,30.1987,3
19.6342,-38.1119,3
54.7807,-23.3329,3
80.3276,-20.3338,3
46.2966,56.2281,3
75.7027,148.05,3
48.728,149.088,3
73.2891,52.6347,3
88.7286,19.4064,3
111.652,46.9643,3
48.6671,69.2436,3
95.7989,39.5175,3
26.7636,53.6473,3
36.8387,23.0676,3
57.0838,70.2455,3
37.9959,44.6039,3
51.4066,39.7384,3
71.5261,100.469,3
39.5569,-9.18897,3
74.2817,147.513,3
23.1057,45.9227,3
30.0876,50.8982,3
10.6405,44.6619,3
48.6473,77.7921,3
38.6152,26.6968,3
77.0499,116.386,3
64.8744,59.0959,3
88.6352,55.6458,3
39.9735,77.4388,3
31.903,118.171,3
31.0919,68.7943,3
45.3736,86.7998,3
60.8708,113.112,3
16.2132,-16.3686,3
7.85173,-32.4317,3
58.2021,54.6212,3
82.1015,60.3235,3
56.086,-43.2868,3
5.89551,42.1558,3
103.19,171.096,3
42.9927,36.2416,3
23.6537,79.296,3
60.5576,83.7119,3
98.5659,147.902,3
29.0199,60.1989,3
62.7088,-15.7744,3
23.8116,107.02,3
53.4003,77.5969,3
70.3497,38.59,3
28.4564,113.994,3
92.5228,152.353,3
49.1708,64.1042,3
-5.87171,57.9093,3
23.4839,-26.6362,3
102.519,3.67595,3
68.2414,15.3236,3
69.7707,52.9325,3
89.8654,54.3032,3
-0.910211,56.1058,3
29.6906,48.5877,3
26.0829,20.6829,3
69.6805,94.7387,3
29.9719,104.02,3
30.1152,60.5815,3
41.9101,67.295,3
48.4283,58.9355,3
27.8609,-40.0071,3
36.7341,13.1698,3
74.8888,40.4919,3
71.1706,105,3
105.221,71.7621,3
23.1042,-35.5862,3
53.9421,-25.1061,3
-2.1069,114.659,3
63.8804,28.9365,3
65.4571,11.6037,3
42.4731,71.3853,3
3.15429,90.3779,3
63.6179,70.2165,3
109.037,-55.961,3
20.1749,48.3052,3
51.4071,18.1342,3
25.4691,13.1902,3
71.7041,150.216,3
38.2518,1.56065,3
50.6001,-22.3053,3
37.0174,27.6705,3
60.7475,-20.7061,3
107.507,-16.5568,3
50.055,41.9056,3
35.782,33.7789,3
77.8414,-12.3769,3
32.4231,24.7924,3
63.1572,9.19684,3
19.0954,14.3851,3
57.3274,45.4098,3
62.7703,71.0607,3
27.3032,107.114,3
27.6746,-18.7586,3
59.9298,97.7606,3
37.1393,77.6974,3
68.0182,74.9328,3
71.8419,112.315,3
56.8568,118.514,3
31.3747,20.0401,3
74.9641,67.9028,3
15.8954,-61.9081,3
61.9656,106.674,3
29.2008,117.755,3
71.3244,11.6596,3
12.9406,57.2981,3
27.6574,42.2909,3
45.8952,27.4064,3
62.5422,39.084,3
11.2605,98.2384,3
79.3495,42.4096,3
64.2288,-40.5906,3
71.3481,126.541,3
51.4226,110.821,3
65.5219,129.854,3
61.2401,119.019,3
16.7884,34.7656,3
65.3167,19.24,3
90.843,117.652,3
98.695,81.0326,3
71.5646,219.26,3
25.6854,110.341,3
81.5574,40.1683,3
25.4388,32.7915,3
72.6207,-1.18105,3
42.7278,32.326,3
49.9148,6.47438,3
10.6602,27.3557,3
54.3952,89.0092,3
61.7,20.1673,3
62.4439,17.8225,3
75.8645,14.7302,3
23.0746,34.2525,3
62.8414,58.1588,3
48.1826,25.7275,3
37.3183,66.4852,3
15.3789,71.0292,3
76.3707,51.9391,3
34.7238,119.316,3
49.8646,98.8096,3
39.65,56.8243,3
81.4999,121.498,3
47.8432,31.4477,3
67.6768,94.1191,3
35.4918,77.4351,3
37.7347,18.5044,3
73.7454,197.32,3
41.6217,86.3385,3
20.9298,74.763,3
33.5432,61.7652,3
37.0891,-0.634784,3
33.2901,84.7344,3
32.3333,-39.3082,3
48.0163,48.4951,3
38.8557,-58.5613,3
67.9394,61.0861,3
40.9459,134.357,3
22.471,140.59,3
74.6338,59.7749,3
73.5515,99.2757,3
62.55,89.6267,3
37.0222,43.0269,3
53.5155,107.389,3
57.3523,137.199,3
87.0107,66.9356,3
53.671,-10.4092,3
11.9229,82.9791,3
49.6614,91.1374,3
18.7997,94.4917,3
65.7612,38.8876,3
84.2843,-39.3078,3
18.981,102.781,3
19.9673,73.5243,3
76.3033,133.616,3
80.2616,58.8314,3
81.7864,54.0214,3
68.4346,49.8163,3
51.8075,28.0034,3
58.7884,9.99454,3
44.8996,19.5659,3
74.0664,32.6339,3
1.90976,73.9799,3
76.9697,63.5057,3
66.2171,5.72498,3
7.40433,-7.8375,3
28.0934,17.4627,3
53.8139,72.3088,3
64.5777,92.4901,3
19.053,21.0657,3
79.5363,119.607,3
18.3196,32.5838,3
65.2675,-2.35919,3
51.5436,60.1341,3
35.5066,-52.8059,3
28.7239,1.20623,3
26.8113,33.5616,3
-3.44272,126.665,3
30.6539,183.473,3
60.4761,63.1002,3
32.3915,122.022,3
43.526,22.6109,3
52.4638,23.2744,3
76.9239,17.8258,3
31.3393,49.3966,3
23.8242,22.5061,3
93.7498,3.01712,3
31.1354,76.7356,3
24.9099,124.499,3
15.306,96.8108,3
28.4183,-4.2526,3
18.0541,23.165,3
82.5266,52.5042,3
55.5583,24.6428,3
64.1126,138.205,3
67.5724,116.905,3
71.7178,36.166,3
15.849,22.446,3
24.729,61.3914,3
154.819,21.8768,3
46.5999,126.772,3
45.7751,48.9602,3
64.794,18.6185,3
34.3266,3.65528,3
62.6962,-63.0907,3
17.2694,-12.5836,3
71.9156,19.8931,3
57.1012,66.9896,3
76.5792,18.4537,3
57.9915,78.844,3
4.21484,37.6354,3
59.7494,15.0486,3
60.6678,37.4622,3
47.4707,70.5592,3
62.7305,23.2572,3
62.2582,-12.9305,3
40.9895,-28.2008,3
105.364,122.28,3
32.2204,40.63,3
68.391,38.0729,3
17.3065,29.04,3
-3.69042,48.3623,3
42.3477,-18.7886,3
61.5832,82.9986,3
63.5067,90.2399,3
42.2925,39.7542,3
53.2545,50.9223,3
76.6784,32.0657,3
16.5415,64.0735,3
49.96,-64.1503,3
27.2282,-9.45438,3
37.8893,0.503093,3
48.0648,172.912,3
68.4452,119.548,3
76.5826,58.7768,3
22.4411,-23.5957,3
61.9065,67.4845,3
49.7318,45.1531,3
44.653,5.72919,3
35.8557,10.5966,3
73.5808,10.3107,3
80.267,67.5229,3
39.8315,85.3453,3
18.5935,57.5757,3
38.4724,-57.4422,3
55.5879,77.0118,3
75.9734,2.27415,3
56.8026,48.7077,3
52.1514,0.116304,3
61.4674,21.5151,3
12.1541,-100.419,3
47.0262,64.9976,3
24.1542,17.2846,3
63.3859,105.199,3
34.9906,4.70867,3
11.2459,67.6036,3
21.1703,22.576,3
1.97221,116.386,3
69.4094,-17.5214,3
33.6162,-18.5036,3
3.6206,118.823,3
20.9157,58.9076,3
6.93163,26.0396,3
7.18304,87.2748,3
19.7009,123.794,3
106.321,43.295,3
90.9481,81.5275,3
48.2371,155.956,3
-3.41147,91.4294,3
8.17539,131.311,3
49.2366,22.2886,3
57.3096,65.5935,3
78.3057,86.7542,3
31.7679,-46.2344,3
47.684,56.69,3
66.3073,66.8811,3
55.0278,123.171,3
11.2878,24.7821,3
77.5443,31.5744,3
33.4562,30.4452,3
81.4503,58.4649,3
49.748,208.74,3
23.9111,24.5273,3
99.6663,-37.9424,3
94.771,102.665,3
-1.63918,9.01346,3
50.1958,42.9902,3
41.1862,92.4796,3
111.574,13.559,3
43.5011,27.2752,3
71.9392,-17.7705,3
48.247,-40.2182,3
30.2243,74.7845,3
122.308,67.0346,3
-3.94483,28.5566,3
45.8862,53.2408,3
53.2053,-25.2497,3
43.7105,137.851,3
63.4759,155.824,3
45.2167,45.6072,3
46.0971,68.8104,3
21.9944,8.98573,3
81.3968,99.7782,3
37.2319,33.894,3
22.1376,51.6748,3
33.7199,138.04,3
69.7273,66.9971,3
41.1989,27.0362,3
74.0613,-4.65254,3
63.6584,35.0887,3
23.5497,33.4354,3
77.3093,15.2394,3
42.5931,60.0546,3
17.6214,66.4778,3
40.8346,72.9769,3
49.1696,101.855,3
51.9362,94.6787,3
62.8044,115.241,3
45.6835,6.62972,3
50.7964,-4.72746,3
30.1913,112.132,3
96.384,57.0489,3
58.7406,124.844,3
37.1176,22.9467,3
16.3134,121.073,3
83.3828,74.5876,3
50.6199,6.86471,3
42.7299,75.1551,3
52.0958,-56.3245,3
35.5599,13.7104,3
27.2739,16.1779,3
58.2804,13.8839,3
31.3735,52.9538,3
62.4805,-5.97017,3
83.7279,38.0212,3
53.2628,-55.5203,3
62.6204,110.701,3
15.5385,162.306,3
46.5099,15.2603,3
20.5706,46.6279,3
48.5169,137.804,3
4.36489,83.7987,3
50.8016,-14.9167,3
52.8552,55.0228,3
74.896,13.996,3
91.9399,-4.03664,3
31.1823,83.1847,3
72.0481,27.4702,3
52.8637,74.1731,3
47.2861,33.4238,3
41.9799,11.1163,3
41.7211,99.177,3
72.8156,-26.8586,3
17.9697,91.2841,3
38.3452,122.592,3
15.7494,91.2703,3
44.1945,106.134,3
56.8703,4.3157,3
75.5443,91.5315,3
25.8075,41.4749,3
78.7162,-49.6877,3
41.2622,36.7076,3
46.3377,73.2345,3
3.44022,67.4098,3
71.907,-96.0356,3
53.3068,57.2346,3
50.9818,91.4984,3
21.8246,120.786,3
28.5397,66.2728,3
31.3827,24.4141,3
34.1929,96.6888,3
63.6844,94.3186,3
47.9045,64.8684,3
50.1853,44.2229,3
67.716,-31.5654,3
56.8358,80.3598,3
46.4496,56.8429,3
75.195,53.1913,3
22.8573,31.0547,3
60.5199,56.2702,3
73.0317,22.7528,3
56.3029,90.5979,3
87.0312,-33.2099,3
97.3613,49.7631,3
33.1793,-61.0212,3
41.2468,78.1044,3
54.9874,70.9826,3
68.532,61.4259,3
7.16999,49.0818,3
39.0823,35.4085,3
72.4989,72.7108,3
66.0648,-19.5441,3
63.469,91.4726,3
63.051,124.015,3
17.9803,70.3139,3
9.18818,114.006,3
69.5093,76.5953,3
65.2097,90.6766,3
78.6752,25.7952,3
58.1697,51.737,3
23.2079,21.075,3
35.4832,19.6011,3
36.421,91.2206,3
78.9683,-91.493,3
43.1121,114.366,3
60.7973,24.5919,3
16.1929,3.09619,3
74.2638,2.88212,3
35.2154,-13.427,3
50.9879,31.2531,3
25.1302,46.7366,3
37.025,139.845,3
56.828,124.574,3
60.1301,-28.7337,3
43.2079,35.703,3
35.2079,56.559,3
30.6263,53.678,3
42.9552,42.8627,3
85.7442,72.458,3
50.508,89.9171,3
49.5759,76.7165,3
47.0789,2.11141,3
77.9412,106.215,3
65.1199,114.445,3
34.4392,83.588,3
106.949,76.1678,3
49.8565,23.1348,3
80.8416,77.4112,3
47.0802,143.38,3
74.5719,-83.4218,3
62.1295,66.3316,3
71.8648,62.0302,3
84.1398,66.6112,3
88.4955,38.4871,3
31.1305,149.019,3
64.6526,-3.56593,3
92.8487,-3.00733,3
31.4168,-8.58952,3
43.2164,51.9653,3
33.3853,73.6842,3
23.8713,-21.325,3
26.3119,185.678,3
7.35157,50.2199,3
73.8824,54.9301,3
63.9599,97.596,3
91.8219,33.5971,3
94.7614,39.1465,3
59.1968,31.9578,3
58.5118,66.9322,3
65.4665,125.099,3
24.867,96.2001,3
58.2232,35.1209,3
56.7001,74.4144,3
32.4382,-79.5223,3
37.5721,36.1935,3
52.2696,69.9546,3
71.3732,101.642,3
64.0451,-11.1562,3
132.549,126.362,3
76.7726,-30.7261,3
117.881,3.48183,3
55.1858,-3.27482,3
47.1512,53.3919,3
63.7783,36.0979,3
69.595,178.707,3
62.6048,55.9957,3
38.2122,127.401,3
22.9467,1.20512,3
60.4329,26.8793,3
63.2796,83.8817,3
41.9778,90.0788,3
72.8419,52.9058,3
18.3062,43.4976,3
79.8078,56.5061,3
86.0951,62.3623,3
44.1904,20.7141,3
49.4922,-17.2748,3
28.2171,66.6414,3
57.231,12.7434,3
50.653,75.9892,3
48.3568,33.0819,3
52.8348,123.824,3
78.3522,107.26,3
24.3683,88.0409,3
17.465,48.3472,3
74.9015,62.9393,3
32.5923,36.2442,3
64.7367,-27.3979,3
51.3803,49.9701,3
48.815,60.2969,3
21.0397,67.4925,3
26.9148,54.3372,3
102.027,110.542,3
60.7089,59.1428,3
88.7065,7.83972,3
72.0308,85.3897,3
80.8748,83.4186,3
60.6099,83.73,3
74.2963,91.6677,3
67.6071,81.8563,3
44.8609,-36.511,3
63.2122,38.39,3
29.7223,36.018,3
53.8457,59.7558,3
71.3522,40.9416,3
26.731,61.7863,3
54.0795,70.1576,3
56.5384,25.5121,3
52.0588,12.2146,3
38.1969,68.3901,3
83.162,92.8186,3
34.9727,-9.71224,3
74.7418,81.66,3
73.7358,16.9653,3
34.3831,99.5131,3
18.8343,75.1399,3
83.1176,14.2546,3
24.7946,8.42366,3
90.6043,54.9274,3
57.4279,101.517,3
92.3836,-59.2761,3
86.8843,55.2677,3
55.9294,107.345,3
74.8749,58.8031,3
34.1911,130.256,3
65.4597,34.2045,3
85.4317,-16.56,3
58.0634,47.0639,3
96.8754,60.3902,3
28.3111,-61.3393,3
22.1817,115.702,3
33.695,-19.279,3
20.2596,57.6551,3
88.9106,104.256,3
45.409,48.9423,3
53.1574,20.624,3
33.0199,84.6578,3
54.7642,21.3683,3
13.0985,45.6603,3
45.5229,24.5711,3
16.2691,14.9238,3
24.8978,91.9325,3
54.4788,38.9038,3
53.1553,155.642,3
28.9292,23.9189,3
57.9007,67.3472,3
44.7289,119.717,3
26.0491,148.962,3
45.7648,74.7601,3
26.0669,44.6715,3
23.8501,55.4907,3
85.9313,-64.9553,3
46.3144,3.88708,3
65.0415,115.7,3
58.89,53.9238,3
60.4027,-74.879,3
39.0328,32.6552,3
45.4549,62.1543,3
54.9648,52.5841,3
46.0511,118.417,3
45.0738,49.0685,3
50.1,71.89,3
72.0164,139.505,3
57.4685,33.7339,3
79.0516,79.9694,3
85.3541,-3.87604,3
45.4446,174.773,3
46.0274,100.028,3
30.8099,59.4017,3
50.7436,47.6966,3
74.6479,73.4524,3
68.7823,117.599,3
33.8193,-7.63708,3
69.1979,-14.6868,3
68.4283,63.7722,3
66.1593,61.5351,3
26.0246,73.2456,3
24.718,102.274,3
24.3217,45.0194,3
42.3872,33.8872,3
27.8014,-13.7707,3
108.721,15.1512,3
69.3089,-35.021,3
76.633,35.7342,3
62.4841,28.4322,3
54.3367,-5.49338,3
8.04275,10.0884,3
77.0858,11.9136,3
100.365,164.801,3
24.6808,-71.3929,3
57.9947,33.5354,3
48.0468,24.7998,3
68.7561,106.048,3
26.6452,22.7769,3
64.4069,135.761,3
37.2967,81.1669,3
85.0625,90.6095,3
56.1511,92.1748,3
64.7598,133.733,3
51.5821,63.2224,3
17.9966,71.4014,3
12.897,40.1564,3
39.7339,72.8122,3
106.352,96.7355,3
25.8315,45.2876,3
90.9961,67.1071,3
12.8493,87.7904,3
0.146413,63.2047,3
21.6547,40.4713,3
70.493,49.3614,3
18.9256,56.3321,3
48.6333,58.8814,3
27.1417,-39.2431,3
27.6792,85.3115,3
50.8167,77.5855,3
33.3599,143.328,3
10.2603,52.5831,3
69.2681,-39.2504,3
98.8793,91.976,3
78.476,107.856,3
49.658,96.6011,3
84.1822,52.3045,3
11.8111,143.507,3
17.4442,41.4781,3
37.5219,194.985,3
49.6024,98.5964,3
54.965,22.5911,3
68.7175,116.298,3
66.494,90.7041,3
72.5211,63.6344,3
41.2776,54.7392,3
62.5164,89.4344,3
47.1035,25.2466,3
49.3775,49.5199,3
43.5614,100.197,3
38.5054,75.5127,3
62.7619,63.8417,3
-9.6619,75.8272,3
89.5161,180.822,3
64.2,-29.1438,3
46.0789,88.2309,3
22.4906,27.7362,3
67.4178,51.6115,3
81.5135,39.6501,3
59.554,-37.2423,3
57.6319,104.538,3
31.6522,70.2322,3
71.3985,92.9092,3
49.9196,79.2365,3
57.2588,35.391,3
34.1036,36.6812,3
68.3869,116.456,3
77.1972,37.9611,3
17.7912,130.555,3
37.2306,58.2327,3
53.7144,44.3645,3
102.879,59.501,3
73.2257,86.7607,3
18.613,64.5126,3
63.7324,90.0529,3
28.9914,27.9854,3
55.7146,-5.32609,3
34.9534,86.4195,3
22.3697,90.4179,3
47.0218,130.946,3
71.2456,101.138,3
65.4271,73.0258,3
40.9425,34.8036,3
58.7859,33.1193,3
39.3741,69.9267,3
60.5927,20.4543,3
55.2156,79.5462,3
83.6305,-18.8574,3
-3.07222,80.325,3
76.5603,6.94683,3
53.7943,112.616,3
65.8086,5.90116,3
42.0171,72.3691,3
20.3289,12.2929,3
42.83,90.2415,3
30.0851,26.3459,3
15.8308,1.35382,3
14.026,-7.19131,3
80.0417,38.2502,3
47.4679,1.87371,3
34.2432,88.5877,3
113.054,41.5237,3
31.1024,34.0675,3
48.9211,9.92018,3
63.3568,-100.155,3
32.394,54.4782,3
58.5281,84.1653,3
57.2821,97.0462,3
45.3966,98.9906,3
28.1729,139.861,3
57.2236,58.5202,3
38.729,121.157,3
48.2633,91.0193,3
74.2742,-29.5414,3
84.2974,57.1121,3
51.9708,14.6063,3
77.0565,80.6193,3
81.6001,-35.845,3
68.0703,44.7455,3
68.5747,43.1484,3
85.9429,58.4975,3
61.4585,-27.6156,3
84.2966,-104.407,3
25.8126,34.7691,3
113.546,54.1239,3
81.3705,75.0947,3
35.8064,19.7064,3
46.2722,122.559,3
53.5183,-23.9242,3
-21.7156,97.5931,3
15.6854,77.7787,3
45.568,105.567,3
41.7596,-13.859,3
61.9577,52.7197,3
19.08,116.875,3
80.8322,108.588,3
27.0403,43.8123,3
96.216,119.633,3
64.2152,-12.211,3
23.6429,56.6936,3
42.1575,21.1663,3
53.8307,59.5128,3
43.5755,80.7934,3
30.0942,-19.8735,3
18.575,23.1737,3
63.5083,48.1938,3
88.5856,8.12538,3
34.6474,97.7565,3
29.0049,86.8352,3
39.6582,33.1007,3
34.4468,77.1745,3
71.8396,3.58548,3
64.4484,159.936,3
17.4442,-2.6938,3
73.6861,-5.73512,3
38.1397,135.987,3
49.675,70.5135,3
56.6566,74.88,3
44.5187,139.524,3
33.318,-81.9541,3
17.0102,-1.87168,3
50.9879,50.8295,3
12.3638,42.9183,3
23.7937,36.799,3
70.771,111.554,3
86.359,1.92674,3
67.9478,74.9757,3
20.2623,13.4448,3
56.0479,112.37,3
90.6307,1.61793,3
82.9771,82.6232,3
59.3234,3.80765,3
69.8413,52.8764,3
99.9444,56.7513,3
-28.526,51.3868,3
45.7488,-65.9128,3
12.7006,11.3517,3
44.415,99.5952,3
34.1993,58.0546,3
73.344,-81.5259,3
43.3037,91.6192,3
18.2569,92.6084,3
80.8854,88.1122,3
46.2609,-2.05579,3
66.842,-41.0788,3
68.673,107.573,3
30.9002,87.0587,3
46.0173,99.4784,3
62.5256,81.4921,3
12.3257,-10.053,3
73.1406,59.4434,3
25.0083,-40.9722,3
33.6428,67.5977,3
76.8216,142.925,3
76.6185,86.4618,3
67.0096,32.69,3
51.9812,-60.4471,3
59.3193,69.6943,3
41.2227,36.1902,3
63.0264,79.5117,3
53.7808,107.715,3
39.046,87.7112,3
47.6142,17.9874,3
40.3038,27.9022,3
75.9752,7.09884,3
26.358,35.107,3
66.3668,-35.7235,3
16.3401,64.3129,3
46.2098,-5.13919,3
61.2512,69.8905,3
38.6772,86.2947,3
33.6148,-12.7446,3
42.8573,85.5637,3
44.7724,75.8628,3
86.1364,-127.115,3
66.4948,14.0936,3
82.4018,74.5733,3
16.3774,10.8802,3
21.961,87.2875,3
46.0364,5.45627,3
76.5185,48.0838,3
73.6839,73.6105,3
37.4267,73.2077,3
14.0556,75.3674,3
43.0327,15.2608,3
75.9355,41.7133,3
31.9779,94.8599,3
50.1324,65.8311,3
63.992,101.365,3
35.5133,67.3708,3
78.8681,-15.0983,3
97.0046,81.1115,3
89.2775,136.626,3
37.1926,109.757,3
7.38134,59.0964,3
72.2398,9.73999,3
72.2638,72.601,3
89.5759,-31.7143,3
76.5831,52.5183,3
52.3382,-13.7551,3
71.7114,44.7402,3
48.8764,115.05,3
84.8373,49.9703,3
14.7369,40.7642,3
37.2178,70.5351,3
100.191,-20.0912,3
69.6058,16.763,3
32.1593,143.153,3
45.8624,66.0772,3
51.5519,82.1567,3
36.687,49.8119,3
14.9789,18.3726,3
48.1184,44.9417,3
44.4942,60.5332,3
35.9672,92.553,3
58.879,95.9408,3
67.6195,15.0882,3
73.6669,91.2981,3
53.0106,77.5159,3
82.0289,28.8696,3
62.2951,76.4382,3
63.767,71.4203,3
10.1758,21.5691,3
63.3455,95.8391,3
21.5928,-12.6055,3
13.8127,41.7797,3
58.691,64.0025,3
109.523,-2.4417,3
60.5506,-7.41358,3
35.0925,-100.799,3
20.2132,4.11605,3
47.65,-78.8611,3
31.5608,164.147,3
2.19806,90.4222,3
71.9101,101.77,3
49.1798,78.257,3
67.2315,31.3998,3
68.5867,0.399327,3
-1.73782,21.2438,3
100.443,21.9959,3
80.1124,88.8377,3
39.0392,88.8778,3
38.3169,65.2221,3
44.506,-1.97548,3
68.3051,63.2661,3
55.0031,10.9756,3
40.3933,11.724,3
79.6496,69.7456,3
94.7201,13.6159,3
76.4921,150.558,3
33.4979,65.1455,3
87.3696,6.84555,3
16.6156,34.7023,3
29.3274,-6.22547,3
96.4035,50.7328,3
59.4099,132.563,3
35.904,88.1068,3
74.1734,89.5873,3
53.3088,45.7843,3
35.3699,-46.783,3
39.1413,93.7278,3
1.71352,58.1709,3
102.652,99.4723,3
109.133,18.1104,3
40.8173,101.715,3
8.35049,75.7337,3
63.7044,88.4825,3
86.555,19.4803,3
52.4583,56.2277,3
20.6272,90.102,3
58.3286,102.142,3
52.4161,37.9402,3
33.0688,41.2015,3
30.4698,84.7715,3
39.2575,9.83515,3
75.6821,47.3933,3
56.7416,-29.6438,3
74.6642,16.6264,3
58.8477,-18.1006,3
30.3537,88.0851,3
-8.68784,116.018,3
39.0975,45.0427,3
39.2549,75.1735,3
43.006,97.8969,3
89.8556,8.8396,3
100.04,33.3657,3
46.2307,70.2509,3
61.7393,6.78227,3
93.6849,32.8355,3
33.859,64.1642,3
49.0371,84.2676,3
54.2644,106.412,3
31.6673,49.3809,3
40.6354,119.736,3
56.35,66.4205,3
46.5513,-54.0312,3
53.3064,98.6057,3
62.8755,77.6698,3
40.8263,5.34796,3
106.783,93.0423,3
28.8492,4.36231,3
11.7005,17.427,3
63.5384,40.8236,3
12.6088,92.054,3
46.4138,75.8543,3
69.0195,73.7211,3
42.9066,42.8357,3
69.5861,130.328,3
350.66,358.062,4
300.996,329.753,4
339.223,321.591,4
317.865,278.978,4
318.418,260.576,4
351.438,291.302,4
363.253,303.372,4
333.72,326.858,4
308.932,379.74,4
323.778,282.484,4
332.101,358.861,4
302.482,331.575,4
314.251,281.716,4
348.3,294.936,4
341.309,332.363,4
327.58,398.097,4
330.986,335.076,4
337.87,360.138,4
324.733,284.981,4
312.137,324.318,4
351.075,383.29,4
293.761,244.634,4
304.939,336.118,4
293.479,277.164,4
298.418,305.947,4
336.952,292.543,4
300.285,270.549,4
335.11,253.645,4
299.045,207.641,4
334.134,351.865,4
298.238,362.266,4
335.556,334.702,4
322.499,320.717,4
335.257,225.115,4
340.195,333.441,4
335.47,309.163,4
358.386,380.837,4
311.217,178.953,4
304.326,243.008,4
322.509,317.421,4
318.851,226.258,4
331.33,298.465,4
314.733,312.079,4
290.499,346.946,4
298.406,222.93,4
317.828,213.829,4
314.284,358.091,4
302.489,235.74,4
304.068,292.493,4
282.198,266.085,4
292.316,251.049,4
310.861,270.712,4
351.309,303.024,4
348.255,357.84,4
331.739,409.66,4
323.078,304.764,4
295.623,267.961,4
333.412,279.728,4
358.433,289.907,4
307.025,311.775,4
341.217,303.74,4
286.702,286.106,4
323.343,181.171,4
316.697,288.679,4
346.269,327.176,4
328.988,293.14,4
321.376,209.644,4
322.559,354.214,4
355.938,304.422,4
300.532,313.89,4
337.116,265.138,4
251.51,387.316,4
326.048,274.207,4
331.986,317.889,4
377.315,199.525,4
311.404,302.722,4
311.115,402.263,4
315.651,302.134,4
315.462,214.463,4
318.927,308.786,4
362.62,391.056,4
334.06,388.59,4
350.823,217.772,4
332.847,338.188,4
323.155,291.353,4
330.153,221.166,4
298.529,412.078,4
321.962,309.777,4
314.817,362.433,4
338.184,282.593,4
361.051,273.607,4
308.552,333.687,4
294.099,326.824,4
369.548,353.232,4
341.923,370.469,4
276.176,293.241,4
294.238,260.243,4
330.654,354.755,4
276.238,237.754,4
298.899,197.284,4
312.062,239.491,4
348.28,336.258,4
326.158,453.165,4
344.995,282.915,4
300.751,404.346,4
337.264,334.67,4
331.724,253.152,4
358.965,384.001,4
318.412,305.362,4
312.869,387.352,4
303.896,320.925,4
342.011,282.231,4
343.581,241.169,4
312.733,266.179,4
338.718,398.208,4
289.936,296.083,4
328.114,366.196,4
335.753,309.599,4
285.653,248.686,4
320.221,373.656,4
309.716,387.753,4
326.521,339.569,4
276.101,316.428,4
337.986,283.42,4
332.319,292.095,4
302.918,332.227,4
315.394,252.285,4
284.733,313.646,4
283.26,298.02,4
316.728,307.766,4
320.046,318.606,4
323.555,346.941,4
346.241,255.602,4
300.368,275.501,4
293.47,210.214,4
330.129,198.254,4
322.431,223.16,4
287.065,302.994,4
348.809,231.867,4
312.917,253.99,4
324.542,312.763,4
320.745,283.226,4
299.319,421.794,4
323.177,235.237,4
328.568,365.235,4
321.543,345.928,4
310.544,312.548,4
326.32,325.802,4
330.501,315.036,4
341.835,311.603,4
334.093,334.585,4
311.59,275.49,4
333.531,296.759,4
299.093,322.832,4
320.028,263.983,4
331.866,224.458,4
316.018,345.049,4
301.581,290.714,4
309.961,347.057,4
332.505,163.359,4
293.878,330.286,4
319.579,312.977,4
310.952,284.96,4
318.492,346.769,4
313.367,241.231,4
286.989,313.475,4
307.779,316.979,4
296.026,267.366,4
326.817,380.146,4
302.57,346.572,4
306.275,336.082,4
339.076,291.218,4
294.078,318.759,4
327.057,238.015,4
306.444,250.794,4
309.755,269.316,4
313.887,375.742,4
296.169,368.084,4
300.042,465.146,4
324.719,222.879,4
335.933,345.826,4
315.827,297.645,4
333.55,257.377,4
314.56,156.052,4
331.497,251.248,4
304.483,313.888,4
313.042,308.141,4
308.253,328.727,4
341.988,255.103,4
313.118,222.26,4
317.856,196.987,4
312.45,316.11,4
365.471,322.761,4
285.81,285.99,4
310.338,235.286,4
314.978,233.562,4
309.369,394.601,4
290.539,288.94,4
329.669,372.416,4
274.956,288.526,4
304.472,297.057,4
340.005,342.739,4
287.36,325.705,4
311.775,285.154,4
337.692,266.389,4
320.915,355.55,4
327.025,391.266,4
350.161,290.576,4
304.941,354.68,4
295.316,294.498,4
350.227,237.219,4
337.625,222.705,4
316.132,301.972,4
310.925,359.142,4
316.313,362.382,4
326.136,372.904,4
272.628,249.511,4
357.602,324.281,4
316.457,246.205,4
312.639,254.36,4
347.509,355.612,4
326.225,315.444,4
354.623,270.961,4
332.589,314.858,4
326.627,343.066,4
341.293,296.651,4
307.636,378.495,4
326.323,322.212,4
344.578,342.233,4
276.673,353.649,4
337.514,377.728,4
308.593,263.034,4
344.133,207.94,4
322.127,237.381,4
348.363,290.841,4
322.437,298.576,4
290.887,319.244,4
303.958,205.565,4
343.616,262.604,4
287.316,299.758,4
344.002,238.257,4
323.67,332.346,4
332.816,285.554,4
287.918,335.807,4
376.387,301.99,4
305.091,264.577,4
346.494,286.445,4
355.917,317.182,4
295.966,313.123,4
326.805,359.617,4
316.948,294.167,4
322.08,312.509,4
300.251,265.287,4
353.981,326.003,4
343.289,371.738,4
321.708,280.315,4
329.201,310.142,4
350.857,277.907,4
304.187,301.093,4
347.804,324.808,4
319.652,330.79,4
312.042,298.29,4
312.351,356.918,4
344.212,280.409,4
315.334,279.532,4
308.835,260.191,4
286.739,345.963,4
291.321,251.754,4
347.332,314.456,4
306.524,331.51,4
339.307,281.96,4
308.319,268.032,4
307.902,343.518,4
336.051,263.806,4
335.114,321.431,4
351.919,257.985,4
310.096,255.79,4
260.471,266.222,4
312.462,243.435,4
309.324,294.911,4
307.485,255.435,4
286.374,301.414,4
314.287,268.028,4
350.604,320.656,4
304.895,283.116,4
309.452,383.529,4
297.985,323.687,4
294.214,315.23,4
304.698,320.071,4
325.003,257.448,4
306.851,234.7,4
325.789,354.412,4
324.87,221.265,4
343.815,348.442,4
319.835,297.776,4
284.717,296.169,4
364.543,324.509,4
321.771,331.775,4
308.357,318.608,4
343.994,214.474,4
305.283,316.696,4
321.982,322.238,4
314.423,259.221,4
316.784,278.726,4
308.802,336.733,4
331.037,434.323,4
338.655,206.961,4
323.666,341.632,4
331.692,278.689,4
319.355,361.589,4
334.135,316.017,4
314.489,357.898,4
300.351,209.548,4
313.999,370.273,4
337.362,325.897,4
354.764,306.047,4
313.317,292.671,4
310.149,273.646,4
325.473,238.789,4
315.487,352.965,4
348.464,297.688,4
342.583,365.677,4
322.018,268.928,4
282.733,274.592,4
305.22,415.315,4
302.937,341.509,4
312.694,306.453,4
325.405,342.247,4
346.333,400.271,4
332.823,294.738,4
315.611,393.533,4
325.972,338.299,4
317.133,323.932,4
332.114,227.717,4
342.589,280.789,4
303.625,266.711,4
322.99,278.262,4
338.362,265.696,4
262.315,322.302,4
324.746,230.688,4
335.382,291.484,4
299.321,217.824,4
318.342,345.813,4
312.793,332.415,4
303.436,313.491,4
325.967,282.386,4
340.713,311.805,4
302.429,214.81,4
346.901,350.047,4
303.446,285.168,4
343.406,287.958,4
345.968,361.824,4
370.938,284.684,4
350.548,314.939,4
309.705,373.507,4
318.345,243.16,4
301.423,287.028,4
326.074,358.595,4
362.517,330.195,4
280.017,285.042,4
298.339,258.727,4
321.386,323.889,4
315.807,284.112,4
316.903,312.707,4
319.547,305.888,4
344.895,264.908,4
351.172,257.879,4
308.25,268.044,4
326.745,264.721,4
321.022,271.201,4
303.771,297.75,4
323.397,306.221,4
313.641,237.036,4
335.579,280.332,4
305.07,284.208,4
271.986,299.201,4
320.862,325.501,4
315.442,252.934,4
342.399,315.641,4
329.954,371.874,4
335.094,328.656,4
292.147,324.409,4
343.165,241.406,4
317.361,300.104,4
315.417,344.306,4
318.024,294.456,4
310.86,226.165,4
368.715,320.141,4
329.139,187.593,4
325.327,292.063,4
328.263,206.883,4
338.029,335.329,4
290.959,314.095,4
319.093,338.607,4
315.879,341.259,4
317.884,276.515,4
322.169,403.905,4
303.605,295.573,4
306.236,340.863,4
300.286,383.529,4
314.632,355.438,4
310.172,200.763,4
333.724,228.814,4
279.592,238.683,4
310.717,326.407,4
268.21,364.817,4
308.573,273.217,4
318.105,333.301,4
327.626,214.83,4
308.087,361.422,4
340.843,273.648,4
357.346,443.473,4
300.858,374.763,4
332.352,238.627,4
309.159,321.156,4
311.092,253.26,4
297.511,334.5,4
318.275,363.808,4
316.936,240.836,4
345.97,336.768,4
360.51,268.044,4
327.023,334.196,4
321.035,322.065,4
320.634,312.638,4
322.1,244.968,4
292.421,369.453,4
326.876,301.181,4
291.762,215.049,4
287.736,360.247,4
334.445,352.733,4
321.853,290.137,4
310.968,305.779,4
319.366,408.126,4
304.333,294.836,4
296.479,284.501,4
351.164,281.969,4
339.138,337.897,4
336.989,210.068,4
315.632,315.112,4
317.901,366.468,4
338.507,298.846,4
278.501,339.889,4
307.859,338.593,4
322.791,211.519,4
318.782,251.133,4
348.442,295.349,4
355.619,277.719,4
326.957,302.318,4
341.37,279.279,4
310.656,269.926,4
344.459,294.21,4
315.575,312.763,4
319.722,211.485,4
362.934,225.171,4
282.394,238.798,4
347.725,311.842,4
320.336,335.194,4
286.51,345.768,4
348.097,359.935,4
342.475,316.723,4
321.232,247.114,4
309.077,337.325,4
312.328,355.068,4
343.425,300.466,4
343.868,314.771,4
297.351,265.233,4
308.461,433.203,4
343.651,326.501,4
302.412,254.28,4
337.43,331.969,4
312.626,374.61,4
335.603,329.913,4
312.754,289.719,4
348.76,277.688,4
299.455,306,4
300.507,240.469,4
312.157,359.339,4
353.567,268.734,4
326.603,274.763,4
322.531,292.064,4
335.358,232.062,4
338.517,239.974,4
349.397,317.491,4
327.489,337.471,4
298.734,322.697,4
333.088,266.79,4
317.872,349.196,4
275.552,281.117,4
335.957,312.956,4
317.074,350.07,4
331.599,302.72,4
326.099,291.973,4
318.548,242.719,4
287.54,312.568,4
322.396,304.507,4
341.234,297.143,4
325.639,235.483,4
295.312,367.033,4
282.134,271.054,4
332.701,283.235,4
307.107,391.456,4
321.156,336.457,4
316.653,384.481,4
337.312,344.107,4
312.031,275.757,4
311.45,338.473,4
292.646,299.267,4
329.928,404.127,4
324.452,290.556,4
331.21,229.479,4
338.567,369.137,4
337.679,342.288,4
312.562,314.354,4
322.736,227.106,4
332.427,271.67,4
321.465,312.813,4
285.813,320.813,4
328.186,316.5,4
304.407,295.275,4
334.086,252.571,4
305.655,325.921,4
301.941,275.652,4
338.892,343.306,4
304.235,362.98,4
294.565,368.081,4
326.255,271.369,4
315.489,346.357,4
332.89,215.005,4
348.851,267.655,4
335.52,261.773,4
273.182,372.013,4
330.615,239.384,4
336.259,312.951,4
335.794,260.08,4
270.358,352.193,4
332.602,312.311,4
320.585,298.385,4
309.38,337.051,4
315.994,302.065,4
329.451,287.449,4
340.941,267.307,4
306.257,284.989,4
322.843,255.082,4
317.805,297.305,4
331.678,400.92,4
322.169,250.932,4
264.807,234.808,4
310.315,322.499,4
292.772,278.516,4
330.476,290.052,4
330.914,227.448,4
318.266,332.137,4
307.636,318.934,4
330.271,322.277,4
307.061,213.969,4
322.595,288.549,4
305.197,298.745,4
304.167,264.464,4
318.789,369.788,4
311.164,221.636,4
322.267,210.687,4
298.028,273.493,4
297.372,366.002,4
304.83,372.515,4
335.566,273.962,4
311.601,291.112,4
342.586,365.743,4
330.924,338.359,4
352.979,305.053,4
337.477,271.329,4
320.163,289.5,4
320.97,277.871,4
322.759,249.257,4
309.622,257.642,4
284.518,292.664,4
327.108,361.393,4
317.375,344.131,4
329.337,380.402,4
338.248,266.687,4
332.119,299.485,4
300.705,311.412,4
307.514,295.121,4
316.008,278.225,4
325.461,295.599,4
330.553,331.752,4
339.041,415.005,4
320.361,256.498,4
290.156,196.706,4
358.566,246.223,4
309.924,268.989,4
272.565,292.526,4
332.688,318.961,4
333.548,263.58,4
311.336,297.825,4
314.035,363.417,4
354.367,353.038,4
315.79,374.336,4
317.586,329.908,4
318.223,198.228,4
307.853,351.801,4
313.526,256.462,4
317.043,326.171,4
307.062,382.715,4
335.68,267.28,4
333.567,317.226,4
323.054,246.029,4
312.361,300.559,4
324.737,296.023,4
343.929,274.819,4
310.997,287.5,4
306.118,266.701,4
289.836,258.982,4
327.301,291.989,4
318.7,338.271,4
313.1,411.73,4
268.382,413.605,4
305.668,232.396,4
327.712,318.391,4
323.218,282.469,4
284.945,321.936,4
331.815,348.76,4
323.404,300.346,4
331.39,260.184,4
338.218,326.916,4
317.153,270.044,4
307.609,338.408,4
323.612,292.183,4
323.451,292.73,4
315.903,200.099,4
284.506,383.156,4
323.339,227.499,4
330,248.673,4
385.331,244.825,4
306.825,351.69,4
321.671,175.746,4
297.303,330.095,4
318.373,291.188,4
314.9,291.705,4
340.376,293.117,4
277.664,379.05,4
337.267,312.582,4
295.259,278.864,4
352.203,292.647,4
356.93,351.2,4
309.023,240.756,4
301.833,288.043,4
341.874,257.926,4
306.46,263.245,4
319.597,213.43,4
349.918,324.638,4
322.098,316.307,4
307.473,222.699,4
283.212,161.831,4
338.689,328.488,4
326.455,337.389,4
344.204,278.894,4
311.491,278.749,4
308.289,303.133,4
359.676,284.816,4
296.325,303.802,4
318.128,312.729,4
298.293,358.007,4
298.409,223.271,4
305.406,253.853,4
304.324,459.229,4
308.319,342.354,4
303.319,303.334,4
347.024,337.188,4
300.836,155.254,4
313.068,296.489,4
306.474,284.903,4
298.752,346.348,4
328.165,361.614,4
316.114,304.044,4
272.801,203.521,4
301.943,250.42,4
330.218,293.901,4
355.398,360.303,4
328.841,240.573,4
340.982,260.564,4
312.382,341.172,4
307.466,272.965,4
321.615,271.997,4
309.074,334.34,4
336.368,263.213,4
372.959,276.838,4
325.363,310.309,4
324.741,242.39,4
365.552,272.04,4
368.988,335.552,4
312.562,211.456,4
310.091,302.94,4
319.976,280.226,4
312.768,305.957,4
291.087,281.787,4
351.409,346.173,4
323.186,318.007,4
319.914,290.524,4
345.088,338.351,4
362.692,267.732,4
272.863,247.392,4
322.827,338.854,4
326.506,334.94,4
343.414,355.658,4
342.482,235.816,4
311.108,251.114,4
330.279,263.243,4
312.808,366.39,4
319.658,290.264,4
347.163,381.156,4
299.169,215.079,4
333.983,350.06,4
321.523,304.039,4
312.751,373.365,4
349.148,323.683,4
337.477,227.453,4
309.355,361.378,4
326.515,279.769,4
325.937,310.48,4
303.061,313.906,4
256.935,375.199,4
347.771,273.842,4
308.872,282.969,4
335.832,272.7,4
315.586,323.386,4
336.744,303.214,4
322.592,369.854,4
297.045,304.406,4
322.943,359.794,4
306.039,345.926,4
294.993,213.637,4
324.098,279.896,4
327.125,317.365,4
317.799,321.388,4
328.987,337.197,4
311.057,246.983,4
363.581,354.14,4
366.42,288.653,4
305.814,343.344,4
323.142,258.217,4
297.245,261.998,4
339.688,303.507,4
308.503,390.167,4
325.967,270.787,4
317.028,182.073,4
318.843,349.431,4
313.49,340.947,4
292.274,275.296,4
328.106,324.018,4
316.642,290.5,4
336.484,322.819,4
304.277,410.476,4
341.215,313.363,4
319.003,343.795,4
316.064,219.088,4
306.831,314.242,4
328.23,338.985,4
330.026,249.895,4
295.973,253.484,4
375.753,254.742,4
281.275,285.708,4
288.697,269.458,4
354.872,227.711,4
306.43,328.099,4
307.426,245.165,4
339.356,301.571,4
293.715,241.407,4
350.509,283.988,4
338.238,378.385,4
308.146,306.32,4
333.01,300.735,4
325.643,251.643,4
337.255,256.984,4
309.555,294.443,4
341.929,337.916,4
324.229,373.571,4
354.622,265.119,4
306.811,244.709,4
314.755,254.006,4
311.659,404.722,4
281.677,270.238,4
328.305,336.014,4
348.894,321.802,4
306.297,335.865,4
342.94,272.797,4
330.263,226.612,4
306.932,377.796,4
321.752,282.125,4
302.898,329.104,4
362.019,282.352,4
322.945,285,4
305.735,238.25,4
299.853,299.34,4
276.911,306.722,4
304.216,331.074,4
302.184,284.612,4
309.445,409.582,4
289.494,279.71,4
319.622,272.397,4
334.416,356.438,4
